-- MySQL dump 10.13  Distrib 8.0.19, for Win64 (x86_64)
--
-- Host: localhost    Database: projeto
-- ------------------------------------------------------
-- Server version	8.0.30

/*!40101 SET @OLD_CHARACTER_SET_CLIENT=@@CHARACTER_SET_CLIENT */;
/*!40101 SET @OLD_CHARACTER_SET_RESULTS=@@CHARACTER_SET_RESULTS */;
/*!40101 SET @OLD_COLLATION_CONNECTION=@@COLLATION_CONNECTION */;
/*!50503 SET NAMES utf8mb4 */;
/*!40103 SET @OLD_TIME_ZONE=@@TIME_ZONE */;
/*!40103 SET TIME_ZONE='+00:00' */;
/*!40014 SET @OLD_UNIQUE_CHECKS=@@UNIQUE_CHECKS, UNIQUE_CHECKS=0 */;
/*!40014 SET @OLD_FOREIGN_KEY_CHECKS=@@FOREIGN_KEY_CHECKS, FOREIGN_KEY_CHECKS=0 */;
/*!40101 SET @OLD_SQL_MODE=@@SQL_MODE, SQL_MODE='NO_AUTO_VALUE_ON_ZERO' */;
/*!40111 SET @OLD_SQL_NOTES=@@SQL_NOTES, SQL_NOTES=0 */;

--
-- Table structure for table `contribuicoes`
--

DROP TABLE IF EXISTS `contribuicoes`;
/*!40101 SET @saved_cs_client     = @@character_set_client */;
/*!50503 SET character_set_client = utf8mb4 */;
CREATE TABLE `contribuicoes` (
  `id` int NOT NULL AUTO_INCREMENT,
  `nome` varchar(100) DEFAULT NULL,
  PRIMARY KEY (`id`)
) ENGINE=InnoDB AUTO_INCREMENT=7 DEFAULT CHARSET=utf8mb4 COLLATE=utf8mb4_0900_ai_ci;
/*!40101 SET character_set_client = @saved_cs_client */;

--
-- Dumping data for table `contribuicoes`
--

LOCK TABLES `contribuicoes` WRITE;
/*!40000 ALTER TABLE `contribuicoes` DISABLE KEYS */;
INSERT INTO `contribuicoes` VALUES (1,'Contribição para aquisição de novas bolas'),(2,'Roçar campo'),(3,'Conserto de bolas'),(4,'Compra de novos cartões'),(5,'Conserto de equipamento'),(6,'Pagamento de cartão');
/*!40000 ALTER TABLE `contribuicoes` ENABLE KEYS */;
UNLOCK TABLES;

--
-- Table structure for table `equipes`
--

DROP TABLE IF EXISTS `equipes`;
/*!40101 SET @saved_cs_client     = @@character_set_client */;
/*!50503 SET character_set_client = utf8mb4 */;
CREATE TABLE `equipes` (
  `id` int NOT NULL AUTO_INCREMENT,
  `nome` varchar(45) DEFAULT NULL,
  PRIMARY KEY (`id`)
) ENGINE=InnoDB AUTO_INCREMENT=5 DEFAULT CHARSET=utf8mb4 COLLATE=utf8mb4_0900_ai_ci;
/*!40101 SET character_set_client = @saved_cs_client */;

--
-- Dumping data for table `equipes`
--

LOCK TABLES `equipes` WRITE;
/*!40000 ALTER TABLE `equipes` DISABLE KEYS */;
INSERT INTO `equipes` VALUES (1,'Barcelona'),(2,'Real Madrid'),(3,'Azul'),(4,'Preto');
/*!40000 ALTER TABLE `equipes` ENABLE KEYS */;
UNLOCK TABLES;

--
-- Table structure for table `financeiro_lancamentos`
--

DROP TABLE IF EXISTS `financeiro_lancamentos`;
/*!40101 SET @saved_cs_client     = @@character_set_client */;
/*!50503 SET character_set_client = utf8mb4 */;
CREATE TABLE `financeiro_lancamentos` (
  `id` int NOT NULL AUTO_INCREMENT,
  `jogador_id` int DEFAULT NULL,
  `descricao` varchar(255) DEFAULT NULL,
  `tipo_movimentacao_id` int NOT NULL,
  `valor` float DEFAULT NULL,
  `data_movimentacao` date DEFAULT NULL,
  `contribuicao_id` int NOT NULL,
  `created_at` datetime DEFAULT NULL,
  `updated_at` datetime DEFAULT NULL,
  PRIMARY KEY (`id`)
) ENGINE=InnoDB AUTO_INCREMENT=47 DEFAULT CHARSET=utf8mb4 COLLATE=utf8mb4_0900_ai_ci;
/*!40101 SET character_set_client = @saved_cs_client */;

--
-- Dumping data for table `financeiro_lancamentos`
--

LOCK TABLES `financeiro_lancamentos` WRITE;
/*!40000 ALTER TABLE `financeiro_lancamentos` DISABLE KEYS */;
INSERT INTO `financeiro_lancamentos` VALUES (1,53,NULL,1,15,'2024-02-13',1,'2024-02-26 19:23:42','2024-02-28 20:00:52'),(2,8,NULL,1,15,'2024-02-13',1,'2024-02-28 19:29:12','2024-02-28 20:00:59'),(3,42,NULL,1,15,'2024-02-13',1,'2024-02-28 19:49:21','2024-02-28 20:01:06'),(4,49,NULL,1,15,'2024-02-13',1,'2024-02-28 19:50:34','2024-02-28 20:01:12'),(5,51,NULL,1,15,'2024-02-13',1,'2024-02-28 19:54:35','2024-02-28 20:01:19'),(6,15,NULL,1,15,'2024-02-13',1,'2024-02-28 19:56:15','2024-02-28 20:01:25'),(7,28,NULL,1,15,'2024-02-13',1,'2024-02-28 19:57:50','2024-02-28 20:01:30'),(8,41,NULL,1,15,'2024-02-13',1,'2024-02-28 19:59:07','2024-02-28 20:01:36'),(9,54,NULL,1,15,'2024-02-13',1,'2024-02-28 20:05:36','2024-02-28 20:05:36'),(10,40,NULL,1,15,'2024-02-13',1,'2024-02-28 20:05:54','2024-02-28 20:05:54'),(11,55,NULL,1,15,'2024-02-13',1,'2024-02-28 20:06:35','2024-02-28 20:06:35'),(12,1,NULL,1,15,'2024-02-13',1,'2024-02-28 20:06:57','2024-02-28 20:06:57'),(13,11,NULL,1,15,'2024-02-13',1,'2024-02-28 20:07:19','2024-02-28 20:07:19'),(14,2,NULL,1,15,'2024-02-13',1,'2024-02-28 20:07:35','2024-02-28 20:07:35'),(15,56,NULL,1,15,'2024-02-13',1,'2024-02-28 20:08:26','2024-02-28 20:08:26'),(16,19,NULL,1,15,'2024-02-13',1,'2024-02-28 20:08:43','2024-02-28 20:08:43'),(17,6,NULL,1,15,'2024-02-13',1,'2024-02-28 20:08:59','2024-02-28 20:08:59'),(18,9,NULL,1,15,'2024-02-13',1,'2024-02-28 20:09:25','2024-02-28 20:09:25'),(19,13,NULL,1,15,'2024-02-13',1,'2024-02-28 20:09:47','2024-02-28 20:09:47'),(20,57,NULL,1,15,'2024-02-13',1,'2024-02-28 20:12:23','2024-02-28 20:12:23'),(21,52,NULL,1,15,'2024-02-13',1,'2024-02-28 20:12:44','2024-02-28 20:12:44'),(22,12,NULL,1,15,'2024-02-13',1,'2024-02-28 20:13:18','2024-02-28 20:13:18'),(23,37,NULL,1,15,'2024-02-13',1,'2024-02-28 20:13:48','2024-02-28 20:13:48'),(24,36,NULL,1,15,'2024-02-13',1,'2024-02-28 20:14:40','2024-02-28 20:14:40'),(25,21,NULL,1,15,'2024-02-14',1,'2024-02-28 20:15:00','2024-02-28 20:44:34'),(26,50,NULL,1,15,'2024-02-15',1,'2024-02-28 20:15:20','2024-02-28 20:44:53'),(27,58,NULL,1,15,'2024-02-15',1,'2024-02-28 20:16:37','2024-02-28 20:45:54'),(28,3,NULL,1,15,'2024-02-15',1,'2024-02-28 20:16:56','2024-02-28 20:46:32'),(29,35,NULL,1,15,'2024-02-15',1,'2024-02-28 20:42:09','2024-02-28 20:45:10'),(30,59,NULL,1,15,'2024-02-15',1,'2024-02-28 20:42:57','2024-02-28 20:45:18'),(31,60,NULL,1,15,'2024-02-15',1,'2024-02-28 20:43:30','2024-02-28 20:45:28'),(32,61,NULL,1,15,'2024-02-17',1,'2024-02-28 20:47:37','2024-02-28 20:47:37'),(33,38,NULL,1,15,'2024-02-19',1,'2024-02-28 20:48:50','2024-02-28 20:50:07'),(34,63,NULL,1,15,'2024-02-22',1,'2024-02-28 20:50:56','2024-02-28 20:50:56'),(35,10,NULL,1,15,'2024-02-22',1,'2024-02-28 20:51:29','2024-02-28 20:51:29'),(36,32,NULL,1,15,'2024-02-25',1,'2024-02-28 20:51:59','2024-02-28 20:51:59'),(37,35,NULL,2,100,'2024-02-17',2,'2024-02-28 20:59:15','2024-02-28 20:59:15'),(38,60,NULL,2,85,'2024-02-17',3,'2024-02-28 21:00:47','2024-02-28 21:00:47'),(39,60,NULL,2,25,'2024-02-17',4,'2024-02-28 21:02:36','2024-02-28 21:02:36'),(40,18,'pagamento do conserto da máquina de roçar o campo',2,120,'2024-02-18',5,'2024-02-28 21:05:26','2024-02-28 21:05:26'),(41,11,NULL,1,5,'2024-02-25',6,'2024-02-28 21:07:15','2024-02-28 21:07:15'),(42,50,NULL,1,5,'2024-02-25',6,'2024-02-28 21:07:40','2024-02-28 21:07:40'),(43,19,NULL,1,20,'2024-02-25',6,'2024-02-28 21:08:13','2024-02-28 21:08:13'),(44,62,NULL,1,15,'2024-02-19',1,'2024-02-29 02:56:30','2024-02-29 02:56:30'),(45,5,NULL,1,15,'2024-02-19',1,'2024-02-29 02:57:16','2024-02-29 02:57:16'),(46,8,NULL,1,5,'2024-03-03',6,'2024-03-05 00:50:54','2024-03-05 00:50:54');
/*!40000 ALTER TABLE `financeiro_lancamentos` ENABLE KEYS */;
UNLOCK TABLES;

--
-- Table structure for table `jogador_gols`
--

DROP TABLE IF EXISTS `jogador_gols`;
/*!40101 SET @saved_cs_client     = @@character_set_client */;
/*!50503 SET character_set_client = utf8mb4 */;
CREATE TABLE `jogador_gols` (
  `id` int NOT NULL AUTO_INCREMENT,
  `jogador_id` int DEFAULT NULL,
  `equipe_id` int DEFAULT NULL,
  `gols` int DEFAULT NULL,
  `gols_sofridos` int DEFAULT NULL,
  `gol_contra` int DEFAULT NULL,
  `data` date DEFAULT NULL,
  `created_at` datetime DEFAULT NULL,
  `updated_at` datetime DEFAULT NULL,
  `temporada_id` int NOT NULL,
  PRIMARY KEY (`id`),
  KEY `fk_equipes_jogador_gols_idx` (`equipe_id`) /*!80000 INVISIBLE */,
  KEY `fk_jogadores_jogador_gols_idx` (`jogador_id`),
  CONSTRAINT `fk_equipes_jogador_gols` FOREIGN KEY (`equipe_id`) REFERENCES `equipes` (`id`),
  CONSTRAINT `fk_jogadores_jogador_gols` FOREIGN KEY (`jogador_id`) REFERENCES `jogadores` (`id`)
) ENGINE=InnoDB AUTO_INCREMENT=480 DEFAULT CHARSET=utf8mb4 COLLATE=utf8mb4_0900_ai_ci;
/*!40101 SET character_set_client = @saved_cs_client */;

--
-- Dumping data for table `jogador_gols`
--

LOCK TABLES `jogador_gols` WRITE;
/*!40000 ALTER TABLE `jogador_gols` DISABLE KEYS */;
INSERT INTO `jogador_gols` VALUES (1,1,4,3,NULL,NULL,'2023-02-12','2023-02-20 10:24:46','2023-02-20 10:24:46',1),(2,2,4,2,NULL,NULL,'2023-02-12','2023-02-20 10:26:24','2023-03-14 21:59:56',1),(3,3,4,1,NULL,NULL,'2023-02-12','2023-02-20 10:27:30','2023-03-14 21:54:07',1),(4,4,4,1,NULL,NULL,'2023-02-12','2023-02-20 10:28:11','2023-03-14 21:54:32',1),(5,5,4,1,NULL,NULL,'2023-02-12','2023-02-20 10:29:05','2023-03-14 21:54:53',1),(6,6,3,1,NULL,NULL,'2023-02-12','2023-02-20 10:30:15','2023-03-14 21:55:15',1),(7,7,3,1,NULL,NULL,'2023-02-12','2023-02-20 10:30:32','2023-03-14 22:00:32',1),(8,8,3,1,NULL,NULL,'2023-02-12','2023-02-20 10:30:46','2023-03-14 21:52:20',1),(9,9,3,1,NULL,NULL,'2023-02-19','2023-02-20 10:36:51','2023-02-20 10:36:51',1),(10,10,3,2,NULL,NULL,'2023-02-19','2023-02-20 10:37:16','2023-02-20 10:37:16',1),(11,11,3,1,NULL,NULL,'2023-02-19','2023-02-20 10:37:35','2023-02-20 10:37:35',1),(12,12,4,2,NULL,NULL,'2023-02-19','2023-02-20 10:37:52','2023-02-20 10:37:52',1),(13,13,4,1,NULL,NULL,'2023-02-19','2023-02-20 10:38:08','2023-02-20 10:38:08',1),(14,14,4,1,NULL,NULL,'2023-02-19','2023-02-20 10:38:26','2023-02-20 10:38:26',1),(15,15,3,1,NULL,NULL,'2023-02-19','2023-02-20 10:38:38','2023-02-20 10:38:38',1),(16,8,3,2,NULL,NULL,'2023-02-19','2023-02-20 10:39:17','2023-02-20 10:39:17',1),(17,16,3,NULL,8,NULL,'2023-02-12','2023-02-20 10:46:15','2023-02-20 10:46:15',1),(18,17,4,NULL,3,NULL,'2023-02-12','2023-02-20 10:47:28','2023-02-20 10:47:28',1),(19,17,4,NULL,7,NULL,'2023-02-19','2023-02-20 10:48:45','2023-02-20 10:48:45',1),(20,16,3,NULL,1,NULL,'2023-02-19','2023-02-20 10:49:45','2023-02-20 10:49:45',1),(21,18,3,NULL,3,NULL,'2023-02-19','2023-02-20 10:50:40','2023-02-20 10:50:40',1),(22,10,3,2,NULL,NULL,'2023-02-26','2023-02-27 00:44:59','2023-02-27 00:44:59',1),(23,2,3,1,NULL,NULL,'2023-02-26','2023-02-27 00:45:27','2023-02-27 00:45:27',1),(24,19,3,1,NULL,NULL,'2023-02-26','2023-02-27 00:46:38','2023-02-27 00:46:38',1),(25,20,4,1,NULL,NULL,'2023-02-26','2023-02-27 00:48:25','2023-02-27 00:48:25',1),(26,17,4,NULL,4,NULL,'2023-02-26','2023-02-27 00:48:57','2023-02-27 00:48:57',1),(27,18,3,NULL,1,NULL,'2023-02-26','2023-02-27 00:49:18','2023-02-27 00:49:18',1),(28,20,4,2,NULL,NULL,'2023-03-05','2023-03-06 00:58:06','2023-03-06 00:58:06',1),(29,11,3,1,NULL,NULL,'2023-03-05','2023-03-06 00:58:34','2023-03-06 00:58:34',1),(30,21,3,1,NULL,NULL,'2023-03-05','2023-03-06 00:59:21','2023-03-06 00:59:21',1),(31,1,3,1,NULL,NULL,'2023-03-05','2023-03-06 00:59:49','2023-03-06 00:59:49',1),(32,7,3,1,NULL,NULL,'2023-03-05','2023-03-06 01:00:09','2023-03-06 01:00:09',1),(33,17,4,NULL,4,NULL,'2023-03-05','2023-03-06 01:00:41','2023-03-06 01:01:13',1),(34,22,3,NULL,1,NULL,'2023-03-05','2023-03-06 01:02:05','2023-03-06 01:02:05',1),(35,9,4,NULL,1,NULL,'2023-03-05','2023-03-06 01:02:24','2023-03-06 01:02:24',1),(36,1,4,2,NULL,NULL,'2023-03-12','2023-03-13 00:49:37','2023-03-13 00:49:37',1),(37,2,3,1,NULL,NULL,'2023-03-12','2023-03-13 00:50:08','2023-03-13 00:50:08',1),(38,8,3,2,NULL,NULL,'2023-03-12','2023-03-13 00:50:35','2023-03-13 00:50:35',1),(39,7,3,2,NULL,NULL,'2023-03-12','2023-03-13 00:51:03','2023-03-13 00:51:03',1),(40,19,4,1,NULL,NULL,'2023-03-12','2023-03-13 00:52:05','2023-03-13 00:52:05',1),(41,17,4,NULL,6,NULL,'2023-03-12','2023-03-13 00:52:46','2023-03-13 00:52:46',1),(42,18,3,NULL,2,NULL,'2023-03-12','2023-03-13 00:53:18','2023-03-13 00:53:56',1),(43,22,3,NULL,1,NULL,'2023-03-12','2023-03-13 00:53:39','2023-03-13 00:56:49',1),(44,23,3,1,NULL,NULL,'2023-03-12','2023-03-13 00:54:54','2023-03-13 00:54:54',1),(45,1,3,2,NULL,NULL,'2023-03-19','2023-03-20 11:33:55','2023-03-20 11:33:55',1),(46,8,3,2,NULL,NULL,'2023-03-19','2023-03-20 11:34:37','2023-03-20 11:34:37',1),(47,10,3,1,NULL,NULL,'2023-03-19','2023-03-20 11:35:09','2023-03-20 11:35:09',1),(48,19,4,1,NULL,NULL,'2023-03-19','2023-03-20 11:35:27','2023-03-20 11:35:39',1),(49,9,4,NULL,4,NULL,'2023-03-19','2023-03-20 11:36:46','2023-03-20 11:36:46',1),(50,3,4,NULL,1,NULL,'2023-03-19','2023-03-20 11:37:19','2023-03-20 11:37:19',1),(51,16,3,NULL,1,NULL,'2023-03-19','2023-03-20 11:37:41','2023-03-20 11:37:41',1),(52,15,3,2,NULL,NULL,'2023-03-26','2023-03-27 01:10:47','2023-03-27 01:10:47',1),(53,12,3,3,NULL,NULL,'2023-03-26','2023-03-27 01:11:09','2023-03-27 01:11:09',1),(54,11,3,1,NULL,NULL,'2023-03-26','2023-03-27 01:11:33','2023-03-27 01:11:33',1),(55,2,3,1,NULL,NULL,'2023-03-26','2023-03-27 01:12:01','2023-03-27 01:12:01',1),(56,19,4,1,NULL,NULL,'2023-03-26','2023-03-27 01:12:26','2023-03-27 01:12:26',1),(57,6,4,1,NULL,NULL,'2023-03-26','2023-03-27 01:12:50','2023-03-27 01:12:50',1),(58,1,4,1,NULL,NULL,'2023-03-26','2023-03-27 01:13:10','2023-03-27 01:13:10',1),(59,3,4,1,NULL,NULL,'2023-03-26','2023-03-27 01:13:38','2023-03-27 01:13:38',1),(60,18,4,NULL,7,NULL,'2023-03-26','2023-03-27 01:15:28','2023-03-27 01:15:28',1),(61,17,3,NULL,4,NULL,'2023-03-26','2023-03-27 01:15:50','2023-03-27 01:15:50',1),(62,1,4,2,NULL,NULL,'2023-04-02','2023-04-03 11:15:44','2023-04-03 11:15:44',1),(63,19,4,1,NULL,NULL,'2023-04-02','2023-04-03 11:16:12','2023-04-03 11:16:12',1),(64,12,4,1,NULL,NULL,'2023-04-02','2023-04-03 11:16:37','2023-04-03 11:16:37',1),(65,2,3,2,NULL,NULL,'2023-04-02','2023-04-03 11:18:19','2023-04-03 11:18:19',1),(66,15,3,1,NULL,NULL,'2023-04-02','2023-04-03 11:18:39','2023-04-03 11:18:39',1),(67,7,3,1,NULL,NULL,'2023-04-02','2023-04-03 11:19:00','2023-04-03 11:19:00',1),(68,24,3,1,NULL,NULL,'2023-04-02','2023-04-03 11:19:53','2023-04-03 11:19:53',1),(69,25,3,1,NULL,NULL,'2023-04-02','2023-04-03 11:20:37','2023-04-03 11:20:37',1),(70,18,3,NULL,5,NULL,'2023-04-02','2023-04-03 11:25:22','2023-04-03 11:25:22',1),(71,9,4,NULL,2,NULL,'2023-04-02','2023-04-03 11:25:59','2023-04-03 11:25:59',1),(72,3,4,NULL,4,NULL,'2023-04-02','2023-04-03 11:26:16','2023-04-03 11:26:16',1),(73,10,3,NULL,NULL,1,'2023-04-02','2023-04-03 11:28:16','2023-04-03 11:28:16',1),(74,1,4,4,NULL,NULL,'2023-04-09','2023-04-10 12:55:18','2023-04-10 12:55:18',1),(75,2,4,1,NULL,NULL,'2023-04-09','2023-04-10 12:55:35','2023-04-10 12:55:35',1),(76,8,3,2,NULL,NULL,'2023-04-09','2023-04-10 12:55:48','2023-04-10 12:55:48',1),(77,10,3,1,NULL,NULL,'2023-04-09','2023-04-10 12:56:07','2023-04-10 12:56:07',1),(78,19,3,2,NULL,NULL,'2023-04-09','2023-04-10 12:56:40','2023-04-10 12:56:40',1),(79,17,3,NULL,6,NULL,'2023-04-09','2023-04-10 12:57:46','2023-04-10 12:57:46',1),(80,18,4,NULL,5,NULL,'2023-04-09','2023-04-10 12:58:02','2023-04-10 12:58:02',1),(81,26,4,1,NULL,NULL,'2023-04-09','2023-04-10 13:03:44','2023-04-10 13:03:44',1),(82,8,3,1,NULL,NULL,'2023-04-16','2023-04-19 11:30:09','2023-04-19 11:30:09',1),(83,6,3,1,NULL,NULL,'2023-04-16','2023-04-19 11:30:29','2023-04-19 11:30:29',1),(84,10,3,1,NULL,NULL,'2023-04-16','2023-04-19 11:30:44','2023-04-19 11:30:44',1),(85,17,4,NULL,3,NULL,'2023-04-16','2023-04-19 11:31:06','2023-04-19 11:31:06',1),(86,1,4,1,NULL,NULL,'2023-04-23','2023-04-24 18:03:40','2023-04-24 18:03:40',1),(87,19,4,1,NULL,NULL,'2023-04-23','2023-04-24 18:04:00','2023-04-24 18:04:00',1),(88,26,4,1,NULL,NULL,'2023-04-23','2023-04-24 18:04:46','2023-04-24 18:04:46',1),(89,8,3,1,NULL,NULL,'2023-04-23','2023-04-24 18:05:04','2023-04-24 18:05:04',1),(90,15,3,1,NULL,NULL,'2023-04-23','2023-04-24 18:05:22','2023-04-24 18:05:22',1),(91,6,3,3,NULL,NULL,'2023-04-23','2023-04-24 18:05:41','2023-04-24 18:05:41',1),(92,11,3,2,NULL,NULL,'2023-04-23','2023-04-24 18:05:59','2023-04-24 18:05:59',1),(93,27,3,1,NULL,NULL,'2023-04-23','2023-04-24 18:08:56','2023-04-24 18:08:56',1),(94,17,3,NULL,1,NULL,'2023-04-23','2023-04-24 18:09:22','2023-04-24 18:09:22',1),(95,18,3,NULL,2,NULL,'2023-04-23','2023-04-24 18:09:43','2023-04-24 18:09:43',1),(96,16,4,NULL,8,NULL,'2023-04-23','2023-04-24 18:10:00','2023-04-24 18:10:00',1),(97,8,3,2,NULL,NULL,'2023-04-30','2023-04-30 15:06:15','2023-04-30 15:06:15',1),(98,2,3,1,NULL,NULL,'2023-04-30','2023-04-30 15:06:37','2023-04-30 15:06:37',1),(99,6,3,1,NULL,NULL,'2023-04-30','2023-04-30 15:06:57','2023-04-30 15:06:57',1),(100,12,3,2,NULL,NULL,'2023-04-30','2023-04-30 15:07:17','2023-04-30 15:07:17',1),(101,15,3,1,NULL,NULL,'2023-04-30','2023-04-30 15:07:36','2023-04-30 15:07:36',1),(102,9,4,1,NULL,NULL,'2023-04-30','2023-04-30 15:07:57','2023-04-30 15:07:57',1),(103,17,3,NULL,1,NULL,'2023-04-30','2023-04-30 15:08:14','2023-04-30 15:08:14',1),(104,18,4,NULL,7,NULL,'2023-04-30','2023-04-30 15:08:34','2023-04-30 15:08:34',1),(105,7,3,1,NULL,NULL,'2023-05-07','2023-05-08 13:01:00','2023-05-08 13:01:00',1),(106,28,3,1,NULL,NULL,'2023-05-07','2023-05-08 13:01:51','2023-05-08 13:01:51',1),(107,27,3,1,NULL,NULL,'2023-05-07','2023-05-08 13:02:07','2023-05-08 13:02:07',1),(108,1,3,1,NULL,NULL,'2023-05-07','2023-05-08 13:02:25','2023-05-08 13:02:25',1),(109,11,3,1,NULL,NULL,'2023-05-07','2023-05-08 13:02:42','2023-05-08 13:02:42',1),(110,12,4,2,NULL,NULL,'2023-05-07','2023-05-08 13:03:04','2023-05-08 13:03:04',1),(111,19,4,1,NULL,NULL,'2023-05-07','2023-05-08 13:03:22','2023-05-08 13:03:22',1),(112,6,4,1,NULL,NULL,'2023-05-07','2023-05-08 13:03:38','2023-05-08 13:03:38',1),(113,16,4,NULL,6,NULL,'2023-05-07','2023-05-08 13:03:57','2023-05-08 13:03:57',1),(114,8,3,NULL,4,NULL,'2023-05-07','2023-05-08 13:04:25','2023-05-08 13:04:25',1),(115,2,3,1,NULL,NULL,'2023-05-07','2023-05-08 13:07:17','2023-05-08 13:07:17',1),(116,1,3,1,NULL,NULL,'2023-05-13','2023-05-17 11:59:41','2023-05-17 11:59:41',1),(117,2,3,1,NULL,NULL,'2023-05-13','2023-05-17 11:59:59','2023-05-17 11:59:59',1),(118,8,4,2,NULL,NULL,'2023-05-13','2023-05-17 12:00:21','2023-05-17 12:00:21',1),(119,12,4,1,NULL,NULL,'2023-05-13','2023-05-17 12:00:38','2023-05-17 12:00:38',1),(120,17,4,NULL,2,NULL,'2023-05-13','2023-05-17 12:01:24','2023-05-17 12:01:24',1),(121,3,3,NULL,3,NULL,'2023-05-13','2023-05-17 12:01:51','2023-05-17 12:01:51',1),(122,1,4,4,NULL,NULL,'2023-05-21','2023-05-24 14:00:50','2023-05-24 14:00:50',1),(123,7,4,1,NULL,NULL,'2023-05-21','2023-05-24 14:01:11','2023-05-24 14:01:11',1),(124,15,4,1,NULL,NULL,'2023-05-21','2023-05-24 14:01:38','2023-05-24 14:01:38',1),(125,2,3,3,NULL,NULL,'2023-05-21','2023-05-24 14:01:57','2023-05-24 14:01:57',1),(126,21,3,1,NULL,NULL,'2023-05-21','2023-05-24 14:02:17','2023-05-24 14:02:17',1),(127,8,3,1,NULL,NULL,'2023-05-21','2023-05-24 14:02:31','2023-05-24 14:02:31',1),(128,19,3,1,NULL,NULL,'2023-05-21','2023-05-24 14:02:48','2023-05-24 14:02:48',1),(129,17,4,NULL,6,NULL,'2023-05-21','2023-05-24 14:03:05','2023-05-24 14:03:05',1),(130,18,3,NULL,3,NULL,'2023-05-21','2023-05-24 14:03:56','2023-05-24 14:03:56',1),(131,16,3,NULL,3,NULL,'2023-05-21','2023-05-24 14:04:10','2023-05-24 14:04:10',1),(132,1,3,2,NULL,NULL,'2023-05-28','2023-05-31 01:53:30','2023-05-31 01:53:30',1),(133,5,4,1,NULL,NULL,'2023-05-28','2023-05-31 01:54:07','2023-05-31 01:54:07',1),(134,2,4,1,NULL,NULL,'2023-05-28','2023-05-31 01:54:30','2023-05-31 01:54:30',1),(135,11,3,1,NULL,NULL,'2023-05-28','2023-05-31 01:54:55','2023-05-31 01:54:55',1),(136,19,3,2,NULL,NULL,'2023-05-28','2023-05-31 01:56:07','2023-05-31 01:56:07',1),(137,29,4,1,NULL,NULL,'2023-05-28','2023-05-31 01:57:15','2023-05-31 01:57:15',1),(138,16,3,NULL,3,NULL,'2023-05-28','2023-05-31 01:58:03','2023-05-31 01:58:03',1),(139,18,4,NULL,5,NULL,'2023-05-28','2023-05-31 01:58:18','2023-05-31 01:58:18',1),(140,1,3,2,NULL,NULL,'2023-06-04','2023-06-06 12:26:04','2023-06-06 12:26:04',1),(141,8,3,3,NULL,NULL,'2023-06-04','2023-06-06 12:26:20','2023-06-06 12:26:20',1),(142,2,4,2,NULL,NULL,'2023-06-04','2023-06-06 12:26:35','2023-06-06 12:26:35',1),(143,27,3,2,NULL,NULL,'2023-06-04','2023-06-06 12:27:04','2023-06-06 12:27:04',1),(144,6,4,1,NULL,NULL,'2023-06-04','2023-06-06 12:27:27','2023-06-06 12:27:27',1),(145,19,4,1,NULL,NULL,'2023-06-04','2023-06-06 12:27:41','2023-06-06 12:27:41',1),(146,13,3,1,NULL,NULL,'2023-06-04','2023-06-06 12:28:02','2023-06-06 12:28:02',1),(147,16,4,NULL,8,NULL,'2023-06-04','2023-06-06 12:29:27','2023-06-06 12:29:27',1),(148,17,3,NULL,4,NULL,'2023-06-04','2023-06-06 12:29:48','2023-06-06 12:29:48',1),(149,2,4,1,NULL,NULL,'2023-06-11','2023-06-15 10:52:58','2023-06-15 10:52:58',1),(150,19,4,1,NULL,NULL,'2023-06-11','2023-06-15 10:53:16','2023-06-15 10:53:16',1),(151,12,4,2,NULL,NULL,'2023-06-11','2023-06-15 10:53:30','2023-06-15 10:53:30',1),(152,16,3,NULL,4,NULL,'2023-06-11','2023-06-15 10:53:52','2023-06-15 10:53:52',1),(153,1,3,1,NULL,NULL,'2023-06-18','2023-06-20 17:45:45','2023-06-20 17:45:45',1),(154,2,4,1,NULL,NULL,'2023-06-18','2023-06-20 17:45:59','2023-06-20 17:45:59',1),(155,10,3,1,NULL,NULL,'2023-06-18','2023-06-20 17:46:14','2023-06-20 17:46:14',1),(156,9,3,1,NULL,NULL,'2023-06-18','2023-06-20 17:46:37','2023-06-20 17:46:37',1),(157,30,4,1,NULL,NULL,'2023-06-18','2023-06-20 17:48:55','2023-06-20 17:48:55',1),(158,31,4,1,NULL,NULL,'2023-06-18','2023-06-20 17:49:10','2023-06-20 17:49:10',1),(159,16,3,NULL,3,NULL,'2023-06-18','2023-06-20 17:49:25','2023-06-20 17:49:25',1),(160,18,4,NULL,3,NULL,'2023-06-18','2023-06-20 17:49:39','2023-06-20 17:49:39',1),(161,1,4,1,NULL,NULL,'2023-06-25','2023-06-28 01:24:27','2023-06-28 01:24:27',1),(162,19,4,1,NULL,NULL,'2023-06-25','2023-06-28 01:24:44','2023-06-28 01:24:44',1),(163,12,3,1,NULL,NULL,'2023-06-25','2023-06-28 01:25:02','2023-06-28 01:25:02',1),(164,7,3,2,NULL,NULL,'2023-06-25','2023-06-28 01:25:17','2023-06-28 01:25:17',1),(165,15,4,1,NULL,NULL,'2023-06-25','2023-06-28 01:25:31','2023-06-28 01:25:31',1),(166,20,3,1,NULL,NULL,'2023-06-25','2023-06-28 01:25:55','2023-06-28 01:25:55',1),(167,13,3,1,NULL,NULL,'2023-06-25','2023-06-28 01:26:11','2023-06-28 01:26:11',1),(168,31,4,2,NULL,NULL,'2023-06-25','2023-06-28 01:26:30','2023-06-28 01:26:30',1),(169,17,4,NULL,3,NULL,'2023-06-25','2023-06-28 01:26:45','2023-06-28 01:26:45',1),(170,18,4,NULL,2,NULL,'2023-06-25','2023-06-28 01:26:57','2023-06-28 01:26:57',1),(171,16,3,NULL,5,NULL,'2023-06-25','2023-06-28 01:27:14','2023-06-28 01:27:14',1),(172,1,3,2,NULL,NULL,'2023-07-02','2023-07-05 00:38:39','2023-07-05 00:38:39',1),(173,32,4,1,NULL,NULL,'2023-07-02','2023-07-05 00:39:16','2023-07-05 00:39:16',1),(174,11,3,1,NULL,NULL,'2023-07-02','2023-07-05 00:39:33','2023-07-05 00:39:33',1),(175,33,4,2,NULL,NULL,'2023-07-02','2023-07-05 00:40:09','2023-07-05 00:40:09',1),(176,10,3,1,NULL,NULL,'2023-07-02','2023-07-05 00:40:26','2023-07-05 00:40:26',1),(177,15,4,1,NULL,NULL,'2023-07-02','2023-07-05 00:40:41','2023-07-05 00:40:41',1),(178,16,3,NULL,4,NULL,'2023-07-02','2023-07-05 00:41:41','2023-07-05 00:41:41',1),(179,34,4,NULL,4,NULL,'2023-07-02','2023-07-05 00:42:18','2023-07-05 00:42:18',1),(180,33,3,2,NULL,NULL,'2023-07-08','2023-07-09 11:40:56','2023-07-09 11:40:56',1),(181,28,3,1,NULL,NULL,'2023-07-08','2023-07-09 11:41:12','2023-07-09 11:41:12',1),(182,11,3,1,NULL,NULL,'2023-07-08','2023-07-09 11:41:28','2023-07-09 11:41:28',1),(183,2,4,1,NULL,NULL,'2023-07-08','2023-07-09 11:41:39','2023-07-09 11:41:39',1),(184,15,4,1,NULL,NULL,'2023-07-08','2023-07-09 11:41:57','2023-07-09 11:41:57',1),(185,8,4,1,NULL,NULL,'2023-07-08','2023-07-09 11:42:09','2023-07-09 11:42:09',1),(186,16,3,NULL,3,NULL,'2023-07-08','2023-07-09 11:42:24','2023-07-09 11:42:24',1),(187,18,4,NULL,4,NULL,'2023-07-08','2023-07-09 11:42:38','2023-07-09 11:42:38',1),(188,6,3,3,NULL,NULL,'2023-07-16','2023-07-17 16:42:22','2023-07-17 16:42:22',2),(189,8,3,2,NULL,NULL,'2023-07-16','2023-07-17 16:42:45','2023-07-17 16:42:45',2),(190,10,3,1,NULL,NULL,'2023-07-16','2023-07-17 16:43:06','2023-07-17 16:43:06',2),(191,21,3,1,NULL,NULL,'2023-07-16','2023-07-17 16:43:35','2023-07-17 16:43:35',2),(192,9,3,1,NULL,NULL,'2023-07-16','2023-07-17 16:44:12','2023-07-17 16:44:12',2),(193,3,4,1,NULL,NULL,'2023-07-16','2023-07-17 16:44:47','2023-07-17 16:44:47',2),(194,2,4,1,NULL,NULL,'2023-07-16','2023-07-17 16:45:05','2023-07-17 16:47:46',2),(195,16,3,NULL,2,NULL,'2023-07-16','2023-07-17 16:45:46','2023-07-17 16:45:46',2),(196,17,4,NULL,3,NULL,'2023-07-16','2023-07-17 16:46:39','2023-07-17 16:46:39',2),(197,18,4,NULL,5,NULL,'2023-07-16','2023-07-17 16:46:58','2023-07-17 16:46:58',2),(198,1,4,3,NULL,NULL,'2023-07-23','2023-07-24 17:00:46','2023-07-30 19:24:40',2),(199,33,4,2,NULL,NULL,'2023-07-23','2023-07-24 17:01:10','2023-07-24 17:01:10',2),(200,15,4,1,NULL,NULL,'2023-07-23','2023-07-24 17:01:30','2023-07-24 17:01:30',2),(201,16,4,1,NULL,NULL,'2023-07-23','2023-07-24 17:01:50','2023-07-24 17:01:50',2),(202,19,3,4,NULL,NULL,'2023-07-23','2023-07-24 17:02:19','2023-07-24 17:02:19',2),(203,11,3,2,NULL,NULL,'2023-07-23','2023-07-24 17:02:39','2023-07-24 17:02:39',2),(204,6,3,1,NULL,NULL,'2023-07-23','2023-07-24 17:02:59','2023-07-24 17:02:59',2),(205,2,3,1,NULL,NULL,'2023-07-23','2023-07-24 17:03:16','2023-07-24 17:03:16',2),(206,10,3,1,NULL,NULL,'2023-07-23','2023-07-24 17:03:32','2023-07-24 17:03:32',2),(207,18,4,NULL,9,NULL,'2023-07-23','2023-07-24 17:03:52','2023-07-24 17:03:52',2),(208,17,3,NULL,8,NULL,'2023-07-23','2023-07-24 17:04:08','2023-07-24 17:04:08',2),(209,35,4,1,NULL,NULL,'2023-07-23','2023-07-30 19:25:25','2023-07-30 19:25:25',2),(210,1,4,1,NULL,NULL,'2023-07-30','2023-07-30 19:25:58','2023-07-30 19:25:58',2),(211,8,4,1,NULL,NULL,'2023-07-30','2023-07-30 19:26:15','2023-07-30 19:26:15',2),(212,2,3,1,NULL,NULL,'2023-07-30','2023-07-30 19:26:30','2023-07-30 19:26:30',2),(213,11,3,2,NULL,NULL,'2023-07-30','2023-07-30 19:26:47','2023-07-30 19:26:47',2),(214,33,3,1,NULL,NULL,'2023-07-30','2023-07-30 19:27:09','2023-07-30 19:27:09',2),(215,16,4,NULL,4,NULL,'2023-07-30','2023-07-30 19:27:35','2023-07-30 19:27:35',2),(216,17,3,NULL,2,NULL,'2023-07-30','2023-07-30 19:27:51','2023-07-30 19:27:51',2),(217,1,4,3,NULL,NULL,'2023-08-06','2023-08-07 13:05:05','2023-08-07 13:05:05',2),(218,36,4,1,NULL,NULL,'2023-08-06','2023-08-07 13:05:45','2023-08-07 13:05:45',2),(219,2,3,1,NULL,NULL,'2023-08-06','2023-08-07 13:06:05','2023-08-07 13:06:05',2),(220,30,3,1,NULL,NULL,'2023-08-06','2023-08-07 13:06:23','2023-08-07 13:06:23',2),(221,10,3,1,NULL,NULL,'2023-08-06','2023-08-07 13:06:44','2023-08-07 13:06:44',2),(222,18,3,NULL,4,NULL,'2023-08-06','2023-08-07 13:15:36','2023-08-07 13:15:36',2),(223,16,4,NULL,3,NULL,'2023-08-06','2023-08-07 13:15:58','2023-08-07 13:15:58',2),(224,1,3,2,NULL,NULL,'2023-08-13','2023-08-14 00:10:24','2023-08-14 00:10:24',2),(225,19,3,1,NULL,NULL,'2023-08-13','2023-08-14 00:10:43','2023-08-14 00:10:43',2),(226,15,4,3,NULL,NULL,'2023-08-13','2023-08-14 00:11:11','2023-08-14 00:11:11',2),(227,9,4,1,NULL,NULL,'2023-08-13','2023-08-14 00:11:30','2023-08-14 00:11:30',2),(228,16,4,NULL,3,NULL,'2023-08-13','2023-08-14 00:11:51','2023-08-14 00:11:51',2),(229,18,3,NULL,4,NULL,'2023-08-13','2023-08-14 00:12:11','2023-08-14 00:12:11',2),(230,1,3,2,NULL,NULL,'2023-08-20','2023-08-21 00:01:48','2023-08-21 00:01:48',2),(231,19,4,1,NULL,NULL,'2023-08-20','2023-08-21 00:02:00','2023-08-21 00:02:00',2),(232,6,4,1,NULL,NULL,'2023-08-20','2023-08-21 00:02:14','2023-08-21 00:02:14',2),(233,27,4,1,NULL,NULL,'2023-08-20','2023-08-21 00:03:10','2023-08-21 00:03:10',2),(234,37,3,1,NULL,NULL,'2023-08-20','2023-08-21 00:03:54','2023-08-21 00:03:54',2),(235,16,3,1,3,NULL,'2023-08-20','2023-08-21 00:04:15','2023-08-21 00:04:15',2),(236,17,4,NULL,4,NULL,'2023-08-20','2023-08-21 00:04:36','2023-08-21 00:04:36',2),(237,11,3,1,NULL,NULL,'2023-08-27','2023-08-27 17:36:53','2023-08-27 17:36:53',2),(238,19,3,1,NULL,NULL,'2023-08-27','2023-08-27 17:37:10','2023-08-27 17:37:10',2),(239,28,3,1,NULL,NULL,'2023-08-27','2023-08-27 17:37:38','2023-08-27 17:37:38',2),(240,1,3,1,NULL,NULL,'2023-08-27','2023-08-27 17:37:54','2023-08-27 17:37:54',2),(241,2,4,2,NULL,NULL,'2023-08-27','2023-08-27 17:38:11','2023-08-27 17:38:11',2),(242,15,4,2,NULL,NULL,'2023-08-27','2023-08-27 17:38:27','2023-08-27 17:38:27',2),(243,35,4,1,NULL,NULL,'2023-08-27','2023-08-27 17:38:46','2023-08-27 17:38:46',2),(244,38,4,1,NULL,NULL,'2023-08-27','2023-08-27 17:39:34','2023-08-27 17:39:34',2),(245,39,4,1,NULL,NULL,'2023-08-27','2023-08-27 17:47:12','2023-08-27 17:47:12',2),(246,27,4,1,NULL,NULL,'2023-08-27','2023-08-27 17:47:55','2023-08-27 17:47:55',2),(247,16,3,NULL,8,NULL,'2023-08-27','2023-08-27 17:49:50','2023-08-27 17:49:50',2),(248,30,4,NULL,4,NULL,'2023-08-27','2023-08-27 17:50:11','2023-08-27 17:50:11',2),(249,1,4,2,NULL,NULL,'2023-09-03','2023-09-06 01:09:57','2023-09-06 01:09:57',2),(250,7,4,1,NULL,NULL,'2023-09-03','2023-09-06 01:10:22','2023-09-06 01:10:22',2),(251,12,4,1,NULL,NULL,'2023-09-03','2023-09-06 01:10:42','2023-09-06 01:17:44',2),(252,32,3,1,NULL,NULL,'2023-09-03','2023-09-06 01:16:17','2023-09-06 01:16:17',2),(253,28,3,1,NULL,NULL,'2023-09-03','2023-09-06 01:17:10','2023-09-06 01:17:10',2),(254,17,4,NULL,2,NULL,'2023-09-03','2023-09-06 01:19:42','2023-09-06 01:19:42',2),(255,16,3,NULL,4,NULL,'2023-09-03','2023-09-06 01:20:04','2023-09-06 01:20:04',2),(256,2,3,1,NULL,NULL,'2023-09-10','2023-09-12 23:16:20','2023-09-12 23:16:20',2),(257,27,3,1,NULL,NULL,'2023-09-10','2023-09-12 23:16:43','2023-09-12 23:16:43',2),(258,40,3,2,NULL,NULL,'2023-09-10','2023-09-12 23:18:23','2023-09-12 23:18:23',2),(259,41,3,1,NULL,NULL,'2023-09-10','2023-09-12 23:18:42','2023-09-12 23:18:42',2),(260,32,4,3,NULL,NULL,'2023-09-10','2023-09-12 23:19:00','2023-09-12 23:19:00',2),(261,3,4,NULL,5,NULL,'2023-09-10','2023-09-12 23:19:26','2023-09-12 23:19:26',2),(262,16,3,NULL,3,NULL,'2023-09-10','2023-09-12 23:19:49','2023-09-12 23:19:49',2),(263,1,3,1,NULL,NULL,'2023-09-17','2023-09-18 00:41:32','2023-09-18 00:41:32',2),(264,2,3,1,NULL,NULL,'2023-09-17','2023-09-18 00:41:48','2023-09-18 00:41:48',2),(265,6,4,2,NULL,NULL,'2023-09-17','2023-09-18 00:42:06','2023-09-18 00:42:06',2),(266,8,4,2,NULL,NULL,'2023-09-17','2023-09-18 00:42:23','2023-09-18 00:42:23',2),(267,14,4,1,NULL,NULL,'2023-09-17','2023-09-18 00:42:59','2023-09-18 00:42:59',2),(268,42,4,4,NULL,NULL,'2023-09-17','2023-09-18 00:43:41','2023-09-18 00:43:41',2),(269,43,4,2,NULL,NULL,'2023-09-17','2023-09-18 00:44:08','2023-09-18 00:44:08',2),(270,17,3,NULL,11,NULL,'2023-09-17','2023-09-18 00:44:41','2023-09-18 00:44:41',2),(271,18,4,NULL,2,NULL,'2023-09-17','2023-09-18 00:45:43','2023-09-18 00:45:43',2),(272,11,3,3,NULL,NULL,'2023-09-23','2023-09-28 20:05:47','2023-09-28 20:05:47',2),(273,44,3,2,NULL,NULL,'2023-09-23','2023-09-28 20:06:24','2023-09-28 20:06:24',2),(274,45,4,2,NULL,NULL,'2023-09-23','2023-09-28 20:07:14','2023-09-28 20:07:14',2),(275,27,3,1,NULL,NULL,'2023-09-23','2023-09-28 20:07:43','2023-09-28 20:07:43',2),(276,2,3,1,NULL,NULL,'2023-09-23','2023-09-28 20:08:04','2023-09-28 20:08:04',2),(277,13,3,1,NULL,NULL,'2023-09-23','2023-09-28 20:08:27','2023-09-28 20:08:27',2),(278,15,4,1,NULL,NULL,'2023-09-23','2023-09-28 20:08:48','2023-09-28 20:08:48',2),(279,40,4,1,NULL,NULL,'2023-09-23','2023-09-28 20:09:09','2023-09-28 20:09:09',2),(280,6,4,1,NULL,NULL,'2023-09-23','2023-09-28 20:09:35','2023-09-28 20:09:35',2),(281,8,4,1,NULL,NULL,'2023-09-23','2023-09-28 20:09:50','2023-09-28 20:09:50',2),(282,30,3,NULL,6,NULL,'2023-09-23','2023-09-28 20:10:10','2023-09-28 20:10:10',2),(283,34,4,NULL,8,NULL,'2023-09-23','2023-09-28 20:10:32','2023-09-28 20:15:14',2),(284,19,3,3,NULL,NULL,'2023-10-01','2023-10-04 01:34:35','2023-10-04 01:34:35',2),(285,2,3,3,NULL,NULL,'2023-10-01','2023-10-04 01:34:51','2023-10-04 01:34:51',2),(286,1,3,2,NULL,NULL,'2023-10-01','2023-10-04 01:35:09','2023-10-04 01:35:09',2),(287,21,3,1,NULL,NULL,'2023-10-01','2023-10-04 01:35:30','2023-10-04 01:35:30',2),(288,20,4,2,NULL,NULL,'2023-10-01','2023-10-04 01:35:49','2023-10-04 01:35:49',2),(289,9,4,1,NULL,NULL,'2023-10-01','2023-10-04 01:36:10','2023-10-04 01:36:10',2),(290,14,4,1,NULL,NULL,'2023-10-01','2023-10-04 01:36:27','2023-10-04 01:36:27',2),(291,16,4,NULL,9,NULL,'2023-10-01','2023-10-04 01:36:43','2023-10-04 01:36:43',2),(292,18,3,NULL,1,NULL,'2023-10-01','2023-10-04 01:37:07','2023-10-04 01:37:07',2),(293,17,3,NULL,3,NULL,'2023-10-01','2023-10-04 01:37:28','2023-10-04 01:37:28',2),(294,32,3,1,NULL,NULL,'2023-10-08','2023-10-11 12:47:47','2023-10-11 12:47:47',2),(295,9,3,1,1,NULL,'2023-10-08','2023-10-11 12:48:12','2023-10-11 14:02:37',2),(296,14,4,1,NULL,NULL,'2023-10-08','2023-10-11 12:48:31','2023-10-11 12:48:31',2),(297,28,4,1,NULL,NULL,'2023-10-08','2023-10-11 12:48:47','2023-10-11 12:48:47',2),(298,16,4,NULL,2,NULL,'2023-10-08','2023-10-11 12:49:16','2023-10-11 12:49:16',2),(299,3,3,NULL,1,NULL,'2023-10-08','2023-10-11 14:03:10','2023-10-11 14:03:10',2),(300,2,4,2,NULL,NULL,'2023-10-14','2023-10-16 14:19:46','2023-10-16 14:19:46',2),(301,42,4,1,NULL,NULL,'2023-10-14','2023-10-16 14:20:14','2023-10-16 14:20:14',2),(302,24,4,1,NULL,NULL,'2023-10-14','2023-10-16 14:20:45','2023-10-16 14:20:45',2),(303,9,4,1,NULL,NULL,'2023-10-14','2023-10-16 14:21:05','2023-10-16 14:21:05',2),(304,11,3,3,NULL,NULL,'2023-10-14','2023-10-16 14:21:28','2023-10-16 14:21:28',2),(305,1,3,1,NULL,NULL,'2023-10-14','2023-10-16 14:21:42','2023-10-16 14:21:42',2),(306,16,3,NULL,4,NULL,'2023-10-14','2023-10-16 14:22:26','2023-10-16 14:23:41',2),(307,17,3,NULL,2,NULL,'2023-10-14','2023-10-16 14:23:02','2023-10-16 14:23:02',2),(308,18,3,NULL,3,NULL,'2023-10-14','2023-10-16 14:23:21','2023-10-16 14:23:21',2),(309,1,3,1,NULL,NULL,'2023-10-22','2023-10-28 12:56:24','2023-10-28 12:56:24',2),(310,12,3,1,NULL,NULL,'2023-10-22','2023-10-28 12:56:47','2023-10-28 12:56:47',2),(311,11,3,1,NULL,NULL,'2023-10-22','2023-10-28 12:57:05','2023-10-28 12:57:05',2),(312,32,3,2,NULL,NULL,'2023-10-22','2023-10-28 12:57:25','2023-10-28 12:57:25',2),(313,30,3,1,NULL,NULL,'2023-10-22','2023-10-28 12:57:43','2023-10-28 12:57:43',2),(314,19,4,1,NULL,NULL,'2023-10-22','2023-10-28 12:57:57','2023-10-28 12:57:57',2),(315,16,3,NULL,1,NULL,'2023-10-22','2023-10-28 12:58:21','2023-10-28 12:58:21',2),(316,9,4,NULL,3,NULL,'2023-10-22','2023-10-28 12:59:12','2023-10-28 12:59:12',2),(317,3,4,NULL,3,NULL,'2023-10-22','2023-10-28 12:59:31','2023-10-28 12:59:31',2),(318,42,4,1,NULL,NULL,'2023-10-29','2023-11-01 00:43:08','2023-11-01 00:43:08',2),(319,8,4,1,NULL,NULL,'2023-10-29','2023-11-01 00:43:25','2023-11-01 00:43:25',2),(320,40,4,1,NULL,NULL,'2023-10-29','2023-11-01 00:43:40','2023-11-01 00:43:40',2),(321,38,4,1,NULL,NULL,'2023-10-29','2023-11-01 00:44:02','2023-11-01 00:44:02',2),(322,46,4,1,NULL,NULL,'2023-10-29','2023-11-01 00:44:42','2023-11-01 00:44:42',2),(323,35,3,1,NULL,NULL,'2023-10-29','2023-11-01 00:45:06','2023-11-01 00:45:06',2),(324,28,3,1,NULL,NULL,'2023-10-29','2023-11-01 00:45:21','2023-11-01 00:45:21',2),(325,2,3,2,NULL,NULL,'2023-10-29','2023-11-01 00:45:37','2023-11-01 00:45:37',2),(326,17,3,NULL,5,NULL,'2023-10-29','2023-11-01 00:46:47','2023-11-01 00:46:47',2),(327,18,4,NULL,4,NULL,'2023-10-29','2023-11-01 00:47:04','2023-11-01 00:47:04',2),(328,32,3,3,NULL,NULL,'2023-11-05','2023-11-08 22:27:20','2023-11-08 22:27:20',2),(329,15,4,2,NULL,NULL,'2023-11-05','2023-11-08 22:27:36','2023-11-08 22:27:36',2),(330,14,4,1,NULL,NULL,'2023-11-05','2023-11-08 22:27:53','2023-11-08 22:27:53',2),(331,8,4,1,NULL,NULL,'2023-11-05','2023-11-08 22:28:09','2023-11-08 22:28:09',2),(332,7,3,1,NULL,NULL,'2023-11-05','2023-11-08 22:28:29','2023-11-08 22:28:29',2),(333,11,3,1,NULL,NULL,'2023-11-05','2023-11-08 22:28:51','2023-11-08 22:28:51',2),(334,1,4,1,NULL,NULL,'2023-11-05','2023-11-08 22:29:05','2023-11-08 22:29:05',2),(335,35,3,1,NULL,NULL,'2023-11-05','2023-11-08 22:29:24','2023-11-08 22:29:24',2),(336,42,4,2,NULL,NULL,'2023-11-05','2023-11-08 22:30:04','2023-11-08 22:30:04',2),(337,17,3,NULL,7,NULL,'2023-11-05','2023-11-08 22:30:24','2023-11-08 22:30:24',2),(338,18,4,NULL,6,NULL,'2023-11-05','2023-11-08 22:30:39','2023-11-08 22:30:39',2),(339,1,4,2,NULL,NULL,'2023-11-12','2023-11-15 19:54:08','2023-11-15 19:54:08',2),(340,42,4,1,NULL,NULL,'2023-11-12','2023-11-15 19:54:25','2023-11-15 19:54:25',2),(341,21,3,1,NULL,NULL,'2023-11-12','2023-11-15 19:54:46','2023-11-15 19:54:46',2),(342,11,3,1,NULL,NULL,'2023-11-12','2023-11-15 19:55:04','2023-11-15 19:55:04',2),(343,8,4,1,NULL,NULL,'2023-11-12','2023-11-15 19:55:41','2023-11-15 19:55:41',2),(344,10,4,1,NULL,NULL,'2023-11-12','2023-11-15 19:56:00','2023-11-15 19:56:00',2),(345,19,4,1,NULL,NULL,'2023-11-12','2023-11-15 19:56:15','2023-11-15 19:56:15',2),(346,6,3,1,NULL,NULL,'2023-11-12','2023-11-15 19:56:34','2023-11-15 19:56:34',2),(347,32,3,2,NULL,NULL,'2023-11-12','2023-11-15 19:56:49','2023-11-15 19:56:49',2),(348,15,4,1,NULL,NULL,'2023-11-12','2023-11-15 19:57:12','2023-11-15 19:57:12',2),(349,16,4,NULL,5,NULL,'2023-11-12','2023-11-17 12:27:46','2023-11-17 12:27:46',2),(350,18,3,NULL,7,NULL,'2023-11-12','2023-11-17 12:28:10','2023-11-17 12:28:10',2),(351,11,3,1,NULL,NULL,'2023-11-18','2023-11-20 12:54:18','2023-11-20 12:54:18',2),(352,44,3,4,NULL,NULL,'2023-11-18','2023-11-20 13:02:34','2023-11-20 13:02:34',2),(353,12,4,1,NULL,NULL,'2023-11-18','2023-11-20 13:02:54','2023-11-20 13:02:54',2),(354,17,3,NULL,1,NULL,'2023-11-18','2023-11-20 13:03:13','2023-11-20 13:03:13',2),(355,18,4,NULL,4,NULL,'2023-11-18','2023-11-20 13:03:28','2023-11-20 13:03:28',2),(356,16,4,NULL,1,NULL,'2023-11-18','2023-11-20 13:03:43','2023-11-20 13:03:43',2),(357,2,4,1,NULL,NULL,'2023-12-02','2023-12-06 13:14:11','2023-12-06 13:14:11',2),(358,6,4,1,NULL,NULL,'2023-12-02','2023-12-06 13:14:26','2023-12-06 13:14:26',2),(359,9,4,1,NULL,NULL,'2023-12-02','2023-12-06 13:14:43','2023-12-06 13:14:43',2),(360,11,3,1,NULL,NULL,'2023-12-02','2023-12-06 13:14:55','2023-12-06 13:14:55',2),(361,42,3,1,NULL,NULL,'2023-12-02','2023-12-06 13:15:12','2023-12-06 13:15:12',2),(362,13,3,1,NULL,NULL,'2023-12-02','2023-12-06 13:15:49','2023-12-06 13:15:49',2),(363,17,4,NULL,3,NULL,'2023-12-02','2023-12-06 13:16:07','2023-12-06 13:16:07',2),(364,16,3,NULL,3,NULL,'2023-12-02','2023-12-06 13:16:23','2023-12-06 13:16:23',2),(365,8,4,3,NULL,NULL,'2023-12-09','2023-12-14 13:41:41','2023-12-14 13:41:41',2),(366,9,4,1,NULL,NULL,'2023-12-09','2023-12-14 13:42:10','2023-12-14 13:42:10',2),(367,12,4,1,NULL,NULL,'2023-12-09','2023-12-14 13:42:28','2023-12-14 13:42:28',2),(368,40,3,1,NULL,NULL,'2023-12-09','2023-12-14 13:42:49','2023-12-14 13:42:49',2),(369,7,3,1,NULL,NULL,'2023-12-09','2023-12-14 13:43:06','2023-12-14 13:43:06',2),(370,16,3,NULL,5,NULL,'2023-12-09','2023-12-14 13:43:44','2023-12-14 13:43:44',2),(371,47,4,NULL,2,NULL,'2023-12-09','2023-12-14 13:44:32','2023-12-14 13:44:32',2),(372,1,4,3,NULL,NULL,'2023-12-17','2023-12-18 12:17:42','2023-12-18 12:17:42',2),(373,8,4,1,NULL,NULL,'2023-12-17','2023-12-18 12:18:01','2023-12-18 12:18:01',2),(374,11,3,1,NULL,NULL,'2023-12-17','2023-12-18 12:18:16','2023-12-18 12:18:16',2),(375,19,3,1,NULL,NULL,'2023-12-17','2023-12-18 12:18:32','2023-12-18 12:18:32',2),(376,27,3,1,NULL,NULL,'2023-12-17','2023-12-18 12:18:48','2023-12-18 12:18:48',2),(377,17,4,NULL,3,NULL,'2023-12-17','2023-12-18 12:19:14','2023-12-18 12:19:14',2),(378,3,3,NULL,4,NULL,'2023-12-17','2023-12-18 12:19:33','2023-12-18 12:19:33',2),(379,6,4,1,NULL,NULL,'2023-12-23','2023-12-27 14:22:19','2023-12-27 14:22:19',2),(380,19,4,1,NULL,NULL,'2023-12-23','2023-12-27 14:22:35','2023-12-27 14:22:35',2),(381,1,4,2,NULL,NULL,'2023-12-23','2023-12-27 14:22:50','2023-12-27 14:22:50',2),(382,5,3,1,NULL,NULL,'2023-12-23','2023-12-27 14:23:18','2023-12-27 14:23:18',2),(383,27,3,1,NULL,NULL,'2023-12-23','2023-12-27 14:23:42','2023-12-27 14:23:42',2),(384,42,3,2,NULL,NULL,'2023-12-23','2023-12-27 14:24:05','2023-12-27 14:24:05',2),(385,8,4,NULL,4,NULL,'2023-12-23','2023-12-27 14:24:21','2023-12-27 14:24:21',2),(386,17,3,NULL,4,NULL,'2023-12-23','2023-12-27 14:24:42','2023-12-27 14:24:42',2),(387,2,4,1,NULL,NULL,'2023-12-30','2024-01-04 01:02:35','2024-01-04 01:02:35',2),(388,14,4,1,NULL,NULL,'2023-12-30','2024-01-04 01:03:03','2024-01-04 01:03:03',2),(389,7,4,1,NULL,NULL,'2023-12-30','2024-01-04 01:03:29','2024-01-04 01:03:29',2),(390,48,4,1,NULL,NULL,'2023-12-30','2024-01-04 01:04:05','2024-01-04 01:04:05',2),(391,40,3,1,NULL,NULL,'2023-12-30','2024-01-04 01:04:36','2024-01-04 01:04:36',2),(392,13,3,1,NULL,NULL,'2023-12-30','2024-01-04 01:04:52','2024-01-04 01:04:52',2),(393,16,3,NULL,4,NULL,'2023-12-30','2024-01-04 01:05:17','2024-01-04 01:06:08',2),(394,17,4,NULL,2,NULL,'2023-12-30','2024-01-04 01:05:48','2024-01-04 01:05:48',2),(395,1,4,2,NULL,NULL,'2024-01-07','2024-01-08 16:51:21','2024-01-08 16:51:21',2),(396,2,4,1,NULL,NULL,'2024-01-07','2024-01-08 16:51:38','2024-01-08 16:51:38',2),(397,15,4,1,NULL,NULL,'2024-01-07','2024-01-08 16:52:00','2024-01-08 16:52:00',2),(398,5,4,1,NULL,NULL,'2024-01-07','2024-01-08 16:52:34','2024-01-08 16:52:34',2),(399,9,3,1,2,NULL,'2024-01-07','2024-01-08 16:52:50','2024-01-08 16:53:26',2),(400,10,3,1,NULL,NULL,'2024-01-07','2024-01-08 16:53:48','2024-01-08 16:53:48',2),(401,42,3,1,NULL,NULL,'2024-01-07','2024-01-08 16:54:05','2024-01-08 16:54:05',2),(402,16,4,NULL,3,NULL,'2024-01-07','2024-01-08 16:54:35','2024-01-08 16:54:35',2),(403,3,3,NULL,3,NULL,'2024-01-07','2024-01-08 16:54:50','2024-01-08 16:54:50',2),(404,42,3,1,NULL,NULL,'2024-01-14','2024-01-15 12:29:26','2024-01-15 12:29:26',2),(405,40,3,1,NULL,NULL,'2024-01-14','2024-01-15 12:29:40','2024-01-15 12:29:40',2),(406,49,4,2,NULL,NULL,'2024-01-14','2024-01-15 12:30:14','2024-01-15 12:30:14',2),(407,1,4,1,NULL,NULL,'2024-01-14','2024-01-15 12:30:36','2024-01-15 12:30:36',2),(408,14,4,1,NULL,NULL,'2024-01-14','2024-01-15 12:31:09','2024-01-15 12:31:09',2),(409,15,4,1,NULL,NULL,'2024-01-14','2024-01-15 12:31:30','2024-01-15 12:31:30',2),(410,9,4,1,NULL,NULL,'2024-01-14','2024-01-15 12:31:46','2024-01-15 12:31:46',2),(411,16,4,NULL,2,NULL,'2024-01-14','2024-01-15 12:32:49','2024-01-15 12:32:49',2),(412,17,3,NULL,6,NULL,'2024-01-14','2024-01-15 12:33:16','2024-01-15 12:33:16',2),(413,3,3,1,NULL,NULL,'2024-01-21','2024-01-24 11:53:23','2024-01-24 11:53:23',2),(414,19,3,1,NULL,NULL,'2024-01-21','2024-01-24 11:53:50','2024-01-24 11:53:50',2),(415,12,3,3,NULL,NULL,'2024-01-21','2024-01-24 11:54:59','2024-01-24 11:54:59',2),(416,42,4,2,NULL,NULL,'2024-01-21','2024-01-24 11:55:33','2024-01-24 11:55:33',2),(417,16,3,NULL,2,NULL,'2024-01-21','2024-01-24 12:05:30','2024-01-24 12:05:30',2),(418,9,4,NULL,1,NULL,'2024-01-21','2024-01-24 12:05:53','2024-01-24 12:11:31',2),(419,8,4,NULL,4,NULL,'2024-01-21','2024-01-24 12:06:17','2024-01-24 12:06:17',2),(420,15,4,3,NULL,NULL,'2024-01-28','2024-01-29 12:21:18','2024-01-29 12:21:18',2),(421,9,4,1,NULL,NULL,'2024-01-28','2024-01-29 12:21:44','2024-01-29 12:21:44',2),(422,6,4,1,NULL,NULL,'2024-01-28','2024-01-29 12:22:14','2024-01-29 12:22:14',2),(423,50,4,1,NULL,NULL,'2024-01-28','2024-01-29 12:23:26','2024-01-29 12:23:26',2),(424,49,3,1,NULL,NULL,'2024-01-28','2024-01-29 12:24:01','2024-01-29 12:24:01',2),(425,4,3,1,NULL,NULL,'2024-01-28','2024-01-29 12:24:21','2024-01-29 12:24:21',2),(426,40,3,1,NULL,NULL,'2024-01-28','2024-01-29 12:24:47','2024-01-29 12:24:47',2),(427,1,3,1,NULL,NULL,'2024-01-28','2024-01-29 12:25:06','2024-01-29 12:25:06',2),(428,16,3,NULL,6,NULL,'2024-01-28','2024-01-29 12:25:33','2024-01-29 12:25:33',2),(429,17,4,NULL,4,NULL,'2024-01-28','2024-01-29 12:25:54','2024-01-29 12:25:54',2),(430,8,4,2,NULL,NULL,'2024-02-04','2024-02-07 16:07:47','2024-02-07 16:07:47',2),(431,10,4,1,NULL,NULL,'2024-02-04','2024-02-07 16:08:04','2024-02-07 16:08:04',2),(432,11,3,1,NULL,NULL,'2024-02-04','2024-02-07 16:08:18','2024-02-07 16:08:18',2),(433,49,3,1,NULL,NULL,'2024-02-04','2024-02-07 16:08:35','2024-02-07 16:08:35',2),(434,50,3,1,NULL,NULL,'2024-02-04','2024-02-07 16:08:49','2024-02-07 16:08:49',2),(435,16,3,NULL,3,NULL,'2024-02-04','2024-02-07 16:09:09','2024-02-07 16:09:09',2),(436,17,4,NULL,3,NULL,'2024-02-04','2024-02-07 16:09:24','2024-02-07 16:09:24',2),(437,1,4,2,NULL,NULL,'2024-02-11','2024-02-14 11:13:07','2024-02-14 11:13:07',2),(438,8,4,1,NULL,NULL,'2024-02-11','2024-02-14 11:13:25','2024-02-14 11:13:25',2),(439,12,4,1,NULL,NULL,'2024-02-11','2024-02-14 11:13:38','2024-02-14 11:13:38',2),(440,2,3,1,NULL,NULL,'2024-02-11','2024-02-14 11:13:54','2024-02-14 11:13:54',2),(441,51,3,1,NULL,NULL,'2024-02-11','2024-02-14 11:14:38','2024-02-14 11:14:38',2),(442,40,3,2,NULL,NULL,'2024-02-11','2024-02-14 11:14:53','2024-02-14 11:14:53',2),(443,16,4,NULL,4,NULL,'2024-02-11','2024-02-14 11:15:12','2024-02-14 11:15:12',2),(444,17,3,NULL,4,NULL,'2024-02-11','2024-02-14 11:16:17','2024-02-14 11:16:17',2),(445,1,4,2,NULL,NULL,'2024-02-18','2024-02-18 19:41:38','2024-02-18 19:41:38',2),(446,8,4,2,NULL,NULL,'2024-02-18','2024-02-18 19:41:59','2024-02-18 19:41:59',2),(447,42,4,2,NULL,NULL,'2024-02-18','2024-02-18 19:42:16','2024-02-18 19:42:16',2),(448,19,4,1,NULL,NULL,'2024-02-18','2024-02-18 19:42:34','2024-02-18 19:42:34',2),(449,49,3,1,NULL,NULL,'2024-02-18','2024-02-18 19:42:52','2024-02-18 19:42:52',2),(450,51,3,1,NULL,NULL,'2024-02-18','2024-02-18 19:43:10','2024-02-18 19:43:10',2),(451,6,3,2,NULL,NULL,'2024-02-18','2024-02-18 19:43:59','2024-02-18 19:43:59',2),(452,10,3,1,NULL,NULL,'2024-02-18','2024-02-18 19:44:21','2024-02-18 19:44:21',2),(453,52,3,1,NULL,NULL,'2024-02-18','2024-02-18 19:44:49','2024-02-18 19:44:49',2),(454,17,3,NULL,7,NULL,'2024-02-18','2024-02-18 19:45:06','2024-02-18 19:45:06',2),(455,18,4,NULL,6,NULL,'2024-02-18','2024-02-18 19:45:20','2024-02-18 19:45:20',2),(456,9,4,1,NULL,NULL,'2024-02-25','2024-02-26 11:57:25','2024-02-26 11:57:25',2),(457,42,4,1,NULL,NULL,'2024-02-25','2024-02-26 11:58:47','2024-02-26 11:58:47',2),(458,49,4,1,NULL,NULL,'2024-02-25','2024-02-26 11:59:22','2024-02-26 11:59:22',2),(459,51,4,1,NULL,NULL,'2024-02-25','2024-02-26 11:59:44','2024-02-26 11:59:44',2),(460,40,4,1,NULL,NULL,'2024-02-25','2024-02-26 12:00:04','2024-02-26 12:00:04',2),(461,2,4,1,NULL,NULL,'2024-02-25','2024-02-26 12:00:26','2024-02-26 12:00:26',2),(462,12,3,1,NULL,NULL,'2024-02-25','2024-02-26 12:01:00','2024-02-26 12:01:00',2),(463,10,3,1,NULL,NULL,'2024-02-25','2024-02-26 12:01:29','2024-02-26 12:01:29',2),(464,52,3,1,NULL,NULL,'2024-02-25','2024-02-26 12:01:59','2024-02-26 12:01:59',2),(465,8,3,2,NULL,NULL,'2024-02-25','2024-02-26 12:02:21','2024-02-26 12:02:21',2),(466,50,3,1,NULL,NULL,'2024-02-25','2024-02-26 12:02:55','2024-02-26 12:02:55',2),(467,16,3,NULL,6,NULL,'2024-02-25','2024-02-26 12:03:31','2024-02-26 12:03:31',2),(468,18,4,NULL,6,NULL,'2024-02-25','2024-02-26 12:03:55','2024-02-26 12:03:55',2),(469,1,3,2,NULL,NULL,'2024-03-03','2024-03-04 19:47:52','2024-03-04 19:47:52',2),(470,32,3,1,NULL,NULL,'2024-03-03','2024-03-04 19:48:29','2024-03-04 19:48:29',2),(471,52,3,1,NULL,NULL,'2024-03-03','2024-03-04 19:50:06','2024-03-04 19:50:06',2),(472,37,3,NULL,NULL,1,'2024-03-03','2024-03-04 19:50:06','2024-03-04 19:50:06',2),(473,15,4,2,NULL,NULL,'2024-03-03','2024-03-04 19:56:50','2024-03-04 19:56:50',2),(474,42,4,1,NULL,NULL,'2024-03-03','2024-03-04 19:57:35','2024-03-04 19:57:35',2),(475,40,4,1,NULL,NULL,'2024-03-03','2024-03-04 19:57:55','2024-03-04 19:57:55',2),(476,35,4,NULL,NULL,1,'2024-03-03','2024-03-04 19:57:55','2024-03-04 19:57:55',2),(477,64,4,1,NULL,NULL,'2024-03-03','2024-03-04 19:57:55','2024-03-04 19:57:55',2),(478,17,3,NULL,6,NULL,'2024-03-03','2024-03-04 20:42:59','2024-03-04 20:42:59',2),(479,18,4,NULL,5,NULL,'2024-03-03','2024-03-04 20:43:15','2024-03-04 20:43:15',2);
/*!40000 ALTER TABLE `jogador_gols` ENABLE KEYS */;
UNLOCK TABLES;

--
-- Table structure for table `jogadores`
--

DROP TABLE IF EXISTS `jogadores`;
/*!40101 SET @saved_cs_client     = @@character_set_client */;
/*!50503 SET character_set_client = utf8mb4 */;
CREATE TABLE `jogadores` (
  `id` int NOT NULL AUTO_INCREMENT,
  `nome` varchar(45) DEFAULT NULL,
  `gols` int DEFAULT '0',
  `created_at` datetime DEFAULT NULL,
  `updated_at` datetime DEFAULT NULL,
  PRIMARY KEY (`id`)
) ENGINE=InnoDB AUTO_INCREMENT=65 DEFAULT CHARSET=utf8mb4 COLLATE=utf8mb4_0900_ai_ci;
/*!40101 SET character_set_client = @saved_cs_client */;

--
-- Dumping data for table `jogadores`
--

LOCK TABLES `jogadores` WRITE;
/*!40000 ALTER TABLE `jogadores` DISABLE KEYS */;
INSERT INTO `jogadores` VALUES (1,'Viquinha',0,'2023-02-20 10:23:27','2023-02-20 10:23:27'),(2,'Val',0,'2023-02-20 10:25:57','2023-02-20 10:25:57'),(3,'Chico',0,'2023-02-20 10:27:12','2023-02-20 10:27:12'),(4,'David',0,'2023-02-20 10:27:51','2023-02-20 10:27:51'),(5,'Valdim',0,'2023-02-20 10:28:50','2023-02-20 10:28:50'),(6,'Diguim',0,'2023-02-20 10:29:38','2023-02-20 10:29:38'),(7,'Niko',0,'2023-02-20 10:29:46','2023-02-20 10:29:46'),(8,'João Vitor',0,'2023-02-20 10:29:56','2023-02-20 10:29:56'),(9,'Murilo',0,'2023-02-20 10:31:59','2023-02-20 10:31:59'),(10,'Fabim',0,'2023-02-20 10:32:22','2023-02-20 10:32:22'),(11,'Marcão',0,'2023-02-20 10:32:35','2023-02-20 10:32:35'),(12,'Wilson',0,'2023-02-20 10:32:53','2023-02-20 10:32:53'),(13,'Leonor',0,'2023-02-20 10:33:01','2023-02-20 10:33:01'),(14,'Pê',0,'2023-02-20 10:33:08','2023-02-20 10:33:08'),(15,'Anselmo',0,'2023-02-20 10:33:15','2023-02-20 10:33:15'),(16,'Gerinha',0,'2023-02-20 10:45:44','2023-02-20 10:45:44'),(17,'Alex',0,'2023-02-20 10:47:11','2023-02-20 10:47:11'),(18,'Tigrão',0,'2023-02-20 10:50:07','2023-02-20 10:50:07'),(19,'Sávio',0,'2023-02-27 00:46:09','2023-02-27 00:46:09'),(20,'Wanderson',0,'2023-02-27 00:48:03','2023-02-27 00:48:03'),(21,'Tony',0,'2023-03-06 00:58:55','2023-03-06 00:58:55'),(22,'Pira',0,'2023-03-06 01:01:40','2023-03-06 01:01:40'),(23,'Weberson',0,'2023-03-13 00:54:33','2023-03-13 00:54:33'),(24,'Natinha',0,'2023-04-03 11:19:34','2023-04-03 11:19:34'),(25,'Decona',0,'2023-04-03 11:20:19','2023-04-03 11:20:19'),(26,'Ricardo',0,'2023-04-10 13:03:16','2023-04-10 13:03:16'),(27,'Emerson',0,'2023-04-24 18:08:37','2023-04-24 18:08:37'),(28,'Willian',0,'2023-05-08 13:01:35','2023-05-08 13:01:35'),(29,'Marcio',0,'2023-05-31 01:56:59','2023-05-31 01:56:59'),(30,'Ray',0,'2023-06-20 17:48:26','2023-06-20 17:48:26'),(31,'Té',0,'2023-06-20 17:48:38','2023-06-20 17:48:38'),(32,'Deguinha',0,'2023-07-05 00:39:02','2023-07-05 00:39:02'),(33,'Samuel',0,'2023-07-05 00:39:54','2023-07-05 00:39:54'),(34,'Romário',0,'2023-07-05 00:42:02','2023-07-05 00:42:02'),(35,'Zezinho',0,'2023-07-30 19:25:02','2023-07-30 19:25:02'),(36,'Jaques',0,'2023-08-07 13:05:27','2023-08-07 13:05:27'),(37,'Luciano',0,'2023-08-21 00:03:25','2023-08-21 00:03:25'),(38,'Ailton',0,'2023-08-27 17:39:19','2023-08-27 17:39:19'),(39,'Ricardo de Ilza',0,'2023-08-27 17:46:45','2023-08-27 17:46:45'),(40,'Jaderson',0,'2023-09-12 23:17:52','2023-09-12 23:17:52'),(41,'Josimar',0,'2023-09-12 23:18:02','2023-09-12 23:18:02'),(42,'Tiquinha',0,'2023-09-18 00:43:22','2023-09-18 00:43:22'),(43,'Léo',0,'2023-09-18 00:43:52','2023-09-18 00:43:52'),(44,'Gustavo',0,'2023-09-28 20:06:04','2023-09-28 20:06:04'),(45,'Jucelio',0,'2023-09-28 20:06:53','2023-09-28 20:06:53'),(46,'Tonico',0,'2023-11-01 00:44:27','2023-11-01 00:44:27'),(47,'Marco Antônio',0,'2023-12-14 13:44:13','2023-12-14 13:44:13'),(48,'Henrique',0,'2024-01-04 01:03:47','2024-01-04 01:03:47'),(49,'Jeferson',0,'2024-01-15 12:29:57','2024-01-15 12:29:57'),(50,'Edson',0,'2024-01-29 12:22:54','2024-01-29 12:22:54'),(51,'Magnária',0,'2024-02-14 11:14:21','2024-02-14 11:14:21'),(52,'Nena',0,'2024-02-18 19:44:31','2024-02-18 19:44:31'),(53,'Lucimar',0,'2024-02-26 19:48:27','2024-02-26 19:48:27'),(54,'Lau',0,'2024-02-28 20:04:52','2024-02-28 20:04:52'),(55,'Hélio',0,'2024-02-28 20:06:16','2024-02-28 20:06:16'),(56,'Peba',0,'2024-02-28 20:08:06','2024-02-28 20:08:06'),(57,'Reginaldo',0,'2024-02-28 20:11:58','2024-02-28 20:11:58'),(58,'Gildácio',0,'2024-02-28 20:16:20','2024-02-28 20:16:20'),(59,'Vanderlei',0,'2024-02-28 20:42:36','2024-02-28 20:42:36'),(60,'Aécio',0,'2024-02-28 20:43:11','2024-02-28 20:43:11'),(61,'Lé',0,'2024-02-28 20:47:20','2024-02-28 20:47:20'),(62,'Nizão',0,'2024-02-28 20:48:19','2024-02-28 20:48:19'),(63,'Misael',0,'2024-02-28 20:50:36','2024-02-28 20:50:36'),(64,'Varley',0,'2024-03-04 20:01:52','2024-03-04 20:01:52');
/*!40000 ALTER TABLE `jogadores` ENABLE KEYS */;
UNLOCK TABLES;

--
-- Table structure for table `temporadas`
--

DROP TABLE IF EXISTS `temporadas`;
/*!40101 SET @saved_cs_client     = @@character_set_client */;
/*!50503 SET character_set_client = utf8mb4 */;
CREATE TABLE `temporadas` (
  `id` int NOT NULL AUTO_INCREMENT,
  `nome` varchar(100) DEFAULT NULL,
  `created_at` datetime DEFAULT NULL,
  `updated_at` datetime DEFAULT NULL,
  PRIMARY KEY (`id`)
) ENGINE=InnoDB AUTO_INCREMENT=3 DEFAULT CHARSET=utf8mb4 COLLATE=utf8mb4_0900_ai_ci;
/*!40101 SET character_set_client = @saved_cs_client */;

--
-- Dumping data for table `temporadas`
--

LOCK TABLES `temporadas` WRITE;
/*!40000 ALTER TABLE `temporadas` DISABLE KEYS */;
INSERT INTO `temporadas` VALUES (1,'2022/2023',NULL,NULL),(2,'2023/2024',NULL,NULL);
/*!40000 ALTER TABLE `temporadas` ENABLE KEYS */;
UNLOCK TABLES;

--
-- Table structure for table `tipo_movimentacao`
--

DROP TABLE IF EXISTS `tipo_movimentacao`;
/*!40101 SET @saved_cs_client     = @@character_set_client */;
/*!50503 SET character_set_client = utf8mb4 */;
CREATE TABLE `tipo_movimentacao` (
  `id` int NOT NULL AUTO_INCREMENT,
  `nome` varchar(100) DEFAULT NULL,
  PRIMARY KEY (`id`)
) ENGINE=InnoDB AUTO_INCREMENT=3 DEFAULT CHARSET=utf8mb4 COLLATE=utf8mb4_0900_ai_ci;
/*!40101 SET character_set_client = @saved_cs_client */;

--
-- Dumping data for table `tipo_movimentacao`
--

LOCK TABLES `tipo_movimentacao` WRITE;
/*!40000 ALTER TABLE `tipo_movimentacao` DISABLE KEYS */;
INSERT INTO `tipo_movimentacao` VALUES (1,'Entrada'),(2,'Saída');
/*!40000 ALTER TABLE `tipo_movimentacao` ENABLE KEYS */;
UNLOCK TABLES;

--
-- Table structure for table `users`
--

DROP TABLE IF EXISTS `users`;
/*!40101 SET @saved_cs_client     = @@character_set_client */;
/*!50503 SET character_set_client = utf8mb4 */;
CREATE TABLE `users` (
  `id` int NOT NULL AUTO_INCREMENT,
  `nome` varchar(100) DEFAULT NULL,
  `email` varchar(100) DEFAULT NULL,
  `password` varchar(255) DEFAULT NULL,
  PRIMARY KEY (`id`)
) ENGINE=InnoDB AUTO_INCREMENT=3 DEFAULT CHARSET=utf8mb4 COLLATE=utf8mb4_0900_ai_ci;
/*!40101 SET character_set_client = @saved_cs_client */;

--
-- Dumping data for table `users`
--

LOCK TABLES `users` WRITE;
/*!40000 ALTER TABLE `users` DISABLE KEYS */;
INSERT INTO `users` VALUES (1,'Anselmo','anselmoduarte6@hotmail.com','$2y$10$.4Ls6Y7k8u2Iw4vhHhqcHul9GB7KUQpj9.bPR9R2tHaCMak7MH1Be'),(2,'Maria','maria@gmail.com','$2y$10$E2rkKcZ3gFHmlTlxpoi.3u/gbwcAFvN9u6s4DJlNfAHUhsjDStsDy');
/*!40000 ALTER TABLE `users` ENABLE KEYS */;
UNLOCK TABLES;

--
-- Dumping routines for database 'projeto'
--
/*!40103 SET TIME_ZONE=@OLD_TIME_ZONE */;

/*!40101 SET SQL_MODE=@OLD_SQL_MODE */;
/*!40014 SET FOREIGN_KEY_CHECKS=@OLD_FOREIGN_KEY_CHECKS */;
/*!40014 SET UNIQUE_CHECKS=@OLD_UNIQUE_CHECKS */;
/*!40101 SET CHARACTER_SET_CLIENT=@OLD_CHARACTER_SET_CLIENT */;
/*!40101 SET CHARACTER_SET_RESULTS=@OLD_CHARACTER_SET_RESULTS */;
/*!40101 SET COLLATION_CONNECTION=@OLD_COLLATION_CONNECTION */;
/*!40111 SET SQL_NOTES=@OLD_SQL_NOTES */;

-- Dump completed on 2024-03-04 22:01:03
