-- MySQL dump 10.13  Distrib 8.0.19, for Win64 (x86_64)
--
-- Host: localhost    Database: projeto
-- ------------------------------------------------------
-- Server version	8.0.30

/*!40101 SET @OLD_CHARACTER_SET_CLIENT=@@CHARACTER_SET_CLIENT */;
/*!40101 SET @OLD_CHARACTER_SET_RESULTS=@@CHARACTER_SET_RESULTS */;
/*!40101 SET @OLD_COLLATION_CONNECTION=@@COLLATION_CONNECTION */;
/*!50503 SET NAMES utf8mb4 */;
/*!40103 SET @OLD_TIME_ZONE=@@TIME_ZONE */;
/*!40103 SET TIME_ZONE='+00:00' */;
/*!40014 SET @OLD_UNIQUE_CHECKS=@@UNIQUE_CHECKS, UNIQUE_CHECKS=0 */;
/*!40014 SET @OLD_FOREIGN_KEY_CHECKS=@@FOREIGN_KEY_CHECKS, FOREIGN_KEY_CHECKS=0 */;
/*!40101 SET @OLD_SQL_MODE=@@SQL_MODE, SQL_MODE='NO_AUTO_VALUE_ON_ZERO' */;
/*!40111 SET @OLD_SQL_NOTES=@@SQL_NOTES, SQL_NOTES=0 */;

--
-- Table structure for table `contribuicoes`
--

DROP TABLE IF EXISTS `contribuicoes`;
/*!40101 SET @saved_cs_client     = @@character_set_client */;
/*!50503 SET character_set_client = utf8mb4 */;
CREATE TABLE `contribuicoes` (
  `id` int NOT NULL AUTO_INCREMENT,
  `nome` varchar(100) DEFAULT NULL,
  PRIMARY KEY (`id`)
) ENGINE=InnoDB AUTO_INCREMENT=11 DEFAULT CHARSET=utf8mb4 COLLATE=utf8mb4_0900_ai_ci;
/*!40101 SET character_set_client = @saved_cs_client */;

--
-- Dumping data for table `contribuicoes`
--

LOCK TABLES `contribuicoes` WRITE;
/*!40000 ALTER TABLE `contribuicoes` DISABLE KEYS */;
INSERT INTO `contribuicoes` VALUES (1,'Contribição para aquisição de novas bolas'),(2,'Roçar campo'),(3,'Conserto de bolas'),(4,'Compra de novos cartões'),(5,'Conserto de equipamento'),(6,'Pagamento de cartão'),(7,'Comprar cortador de grama'),(8,'Compra de cal'),(9,'Compra de gasolina'),(10,'Compra de bolas');
/*!40000 ALTER TABLE `contribuicoes` ENABLE KEYS */;
UNLOCK TABLES;

--
-- Table structure for table `equipes`
--

DROP TABLE IF EXISTS `equipes`;
/*!40101 SET @saved_cs_client     = @@character_set_client */;
/*!50503 SET character_set_client = utf8mb4 */;
CREATE TABLE `equipes` (
  `id` int NOT NULL AUTO_INCREMENT,
  `nome` varchar(45) DEFAULT NULL,
  PRIMARY KEY (`id`)
) ENGINE=InnoDB AUTO_INCREMENT=5 DEFAULT CHARSET=utf8mb4 COLLATE=utf8mb4_0900_ai_ci;
/*!40101 SET character_set_client = @saved_cs_client */;

--
-- Dumping data for table `equipes`
--

LOCK TABLES `equipes` WRITE;
/*!40000 ALTER TABLE `equipes` DISABLE KEYS */;
INSERT INTO `equipes` VALUES (1,'Barcelona'),(2,'Real Madrid'),(3,'Azul'),(4,'Preto');
/*!40000 ALTER TABLE `equipes` ENABLE KEYS */;
UNLOCK TABLES;

--
-- Table structure for table `financeiro_lancamentos`
--

DROP TABLE IF EXISTS `financeiro_lancamentos`;
/*!40101 SET @saved_cs_client     = @@character_set_client */;
/*!50503 SET character_set_client = utf8mb4 */;
CREATE TABLE `financeiro_lancamentos` (
  `id` int NOT NULL AUTO_INCREMENT,
  `jogador_id` int DEFAULT NULL,
  `descricao` varchar(255) DEFAULT NULL,
  `tipo_movimentacao_id` int NOT NULL,
  `valor` float DEFAULT NULL,
  `data_movimentacao` date DEFAULT NULL,
  `contribuicao_id` int NOT NULL,
  `created_at` datetime DEFAULT NULL,
  `updated_at` datetime DEFAULT NULL,
  PRIMARY KEY (`id`)
) ENGINE=InnoDB AUTO_INCREMENT=188 DEFAULT CHARSET=utf8mb4 COLLATE=utf8mb4_0900_ai_ci;
/*!40101 SET character_set_client = @saved_cs_client */;

--
-- Dumping data for table `financeiro_lancamentos`
--

LOCK TABLES `financeiro_lancamentos` WRITE;
/*!40000 ALTER TABLE `financeiro_lancamentos` DISABLE KEYS */;
INSERT INTO `financeiro_lancamentos` VALUES (1,53,NULL,1,15,'2024-02-13',1,'2024-02-26 19:23:42','2024-02-28 20:00:52'),(2,8,NULL,1,15,'2024-02-13',1,'2024-02-28 19:29:12','2024-02-28 20:00:59'),(3,42,NULL,1,15,'2024-02-13',1,'2024-02-28 19:49:21','2024-02-28 20:01:06'),(4,49,NULL,1,15,'2024-02-13',1,'2024-02-28 19:50:34','2024-02-28 20:01:12'),(5,51,NULL,1,15,'2024-02-13',1,'2024-02-28 19:54:35','2024-02-28 20:01:19'),(6,15,NULL,1,15,'2024-02-13',1,'2024-02-28 19:56:15','2024-02-28 20:01:25'),(7,28,NULL,1,15,'2024-02-13',1,'2024-02-28 19:57:50','2024-02-28 20:01:30'),(8,41,NULL,1,15,'2024-02-13',1,'2024-02-28 19:59:07','2024-02-28 20:01:36'),(9,54,NULL,1,15,'2024-02-13',1,'2024-02-28 20:05:36','2024-02-28 20:05:36'),(10,40,NULL,1,15,'2024-02-13',1,'2024-02-28 20:05:54','2024-02-28 20:05:54'),(11,55,NULL,1,15,'2024-02-13',1,'2024-02-28 20:06:35','2024-02-28 20:06:35'),(12,1,NULL,1,15,'2024-02-13',1,'2024-02-28 20:06:57','2024-02-28 20:06:57'),(13,11,NULL,1,15,'2024-02-13',1,'2024-02-28 20:07:19','2024-02-28 20:07:19'),(14,2,NULL,1,15,'2024-02-13',1,'2024-02-28 20:07:35','2024-02-28 20:07:35'),(15,56,NULL,1,15,'2024-02-13',1,'2024-02-28 20:08:26','2024-02-28 20:08:26'),(16,19,NULL,1,15,'2024-02-13',1,'2024-02-28 20:08:43','2024-02-28 20:08:43'),(17,6,NULL,1,15,'2024-02-13',1,'2024-02-28 20:08:59','2024-02-28 20:08:59'),(18,9,NULL,1,15,'2024-02-13',1,'2024-02-28 20:09:25','2024-02-28 20:09:25'),(19,13,NULL,1,15,'2024-02-13',1,'2024-02-28 20:09:47','2024-02-28 20:09:47'),(20,57,NULL,1,15,'2024-02-13',1,'2024-02-28 20:12:23','2024-02-28 20:12:23'),(21,52,NULL,1,15,'2024-02-13',1,'2024-02-28 20:12:44','2024-02-28 20:12:44'),(22,12,NULL,1,15,'2024-02-13',1,'2024-02-28 20:13:18','2024-02-28 20:13:18'),(23,37,NULL,1,15,'2024-02-13',1,'2024-02-28 20:13:48','2024-02-28 20:13:48'),(24,36,NULL,1,15,'2024-02-13',1,'2024-02-28 20:14:40','2024-02-28 20:14:40'),(25,21,NULL,1,15,'2024-02-14',1,'2024-02-28 20:15:00','2024-02-28 20:44:34'),(26,50,NULL,1,15,'2024-02-15',1,'2024-02-28 20:15:20','2024-02-28 20:44:53'),(27,58,NULL,1,15,'2024-02-15',1,'2024-02-28 20:16:37','2024-02-28 20:45:54'),(28,3,NULL,1,15,'2024-02-15',1,'2024-02-28 20:16:56','2024-02-28 20:46:32'),(29,35,NULL,1,15,'2024-02-15',1,'2024-02-28 20:42:09','2024-02-28 20:45:10'),(30,59,NULL,1,15,'2024-02-15',1,'2024-02-28 20:42:57','2024-02-28 20:45:18'),(31,60,NULL,1,15,'2024-02-15',1,'2024-02-28 20:43:30','2024-02-28 20:45:28'),(32,61,NULL,1,15,'2024-02-17',1,'2024-02-28 20:47:37','2024-02-28 20:47:37'),(33,38,NULL,1,15,'2024-02-19',1,'2024-02-28 20:48:50','2024-02-28 20:50:07'),(34,63,NULL,1,15,'2024-02-22',1,'2024-02-28 20:50:56','2024-02-28 20:50:56'),(35,10,NULL,1,15,'2024-02-22',1,'2024-02-28 20:51:29','2024-02-28 20:51:29'),(36,32,NULL,1,15,'2024-02-25',1,'2024-02-28 20:51:59','2024-02-28 20:51:59'),(37,35,NULL,2,100,'2024-02-17',2,'2024-02-28 20:59:15','2024-02-28 20:59:15'),(38,60,NULL,2,85,'2024-02-17',3,'2024-02-28 21:00:47','2024-02-28 21:00:47'),(39,60,NULL,2,25,'2024-02-17',4,'2024-02-28 21:02:36','2024-02-28 21:02:36'),(40,18,'pagamento do conserto da máquina de roçar o campo',2,120,'2024-02-18',5,'2024-02-28 21:05:26','2024-02-28 21:05:26'),(41,11,NULL,1,5,'2024-02-25',6,'2024-02-28 21:07:15','2024-02-28 21:07:15'),(42,50,NULL,1,5,'2024-02-25',6,'2024-02-28 21:07:40','2024-02-28 21:07:40'),(43,19,NULL,1,20,'2024-02-25',6,'2024-02-28 21:08:13','2024-02-28 21:08:13'),(44,62,NULL,1,15,'2024-02-19',1,'2024-02-29 02:56:30','2024-02-29 02:56:30'),(45,5,NULL,1,15,'2024-02-19',1,'2024-02-29 02:57:16','2024-02-29 02:57:16'),(46,8,NULL,1,5,'2024-03-03',6,'2024-03-05 00:50:54','2024-03-05 00:50:54'),(47,23,NULL,1,15,'2024-03-06',1,'2024-03-06 22:23:30','2024-03-06 22:23:30'),(48,65,NULL,1,15,'2024-03-06',1,'2024-03-06 23:28:29','2024-03-06 23:28:29'),(49,66,NULL,1,15,'2024-03-06',1,'2024-03-06 23:29:31','2024-03-06 23:29:31'),(50,27,NULL,1,15,'2024-03-06',1,'2024-03-06 23:29:49','2024-03-06 23:29:49'),(51,64,NULL,1,15,'2024-03-07',1,'2024-03-07 12:02:33','2024-03-07 12:02:33'),(52,50,NULL,1,5,'2024-03-24',6,'2024-03-26 18:02:03','2024-03-26 18:02:03'),(53,64,NULL,1,5,'2024-04-07',6,'2024-04-14 17:46:15','2024-04-14 17:46:15'),(54,63,NULL,1,5,'2024-04-14',6,'2024-04-14 17:46:53','2024-04-14 17:46:53'),(55,12,NULL,1,5,'2024-04-20',6,'2024-04-23 21:32:42','2024-04-23 21:32:42'),(56,13,NULL,1,5,'2024-04-21',6,'2024-04-23 21:33:12','2024-04-23 21:33:12'),(57,52,NULL,1,5,'2024-04-21',6,'2024-04-23 21:33:36','2024-04-23 21:33:36'),(58,15,NULL,1,100,'2024-04-25',7,'2024-04-25 14:10:52','2024-04-25 14:10:52'),(59,12,NULL,1,100,'2024-04-25',7,'2024-04-25 14:12:25','2024-04-25 14:12:25'),(60,3,NULL,1,100,'2024-04-25',7,'2024-04-25 20:35:55','2024-04-25 20:35:55'),(61,53,NULL,1,100,'2024-04-25',7,'2024-04-25 21:30:21','2024-04-25 21:30:21'),(62,51,NULL,1,100,'2024-04-25',7,'2024-04-25 21:48:29','2024-04-25 21:48:29'),(63,62,NULL,1,100,'2024-04-27',7,'2024-04-29 11:20:15','2024-04-29 11:20:15'),(64,3,NULL,1,5,'2024-04-29',6,'2024-04-29 21:45:35','2024-04-29 21:45:35'),(65,19,'Sávio comprou uma peça no valor de 100 para consertar a máquina que pegamos emprestado',2,100,'2024-04-29',5,'2024-04-29 21:48:55','2024-04-29 21:48:55'),(66,30,NULL,1,15,'2024-04-30',1,'2024-04-30 22:59:46','2024-04-30 22:59:46'),(67,30,NULL,1,100,'2024-04-30',7,'2024-04-30 23:00:21','2024-04-30 23:00:21'),(68,28,NULL,1,100,'2024-04-30',7,'2024-04-30 23:01:02','2024-04-30 23:01:02'),(69,19,'Esse valor saiu do caixa, referente à compra da peça para consertar a máquina',1,100,'2024-04-29',7,'2024-05-02 10:33:06','2024-05-02 10:33:06'),(70,57,NULL,1,100,'2024-05-01',7,'2024-05-02 10:33:44','2024-05-02 10:33:44'),(71,11,NULL,1,100,'2024-05-02',7,'2024-05-04 01:57:46','2024-05-04 01:57:46'),(72,11,NULL,2,48,'2024-05-04',8,'2024-05-05 14:34:17','2024-05-05 14:34:17'),(73,41,NULL,1,100,'2024-05-04',7,'2024-05-05 14:34:50','2024-05-05 14:34:50'),(74,21,NULL,1,100,'2024-05-04',7,'2024-05-05 14:35:31','2024-05-05 14:35:31'),(75,69,NULL,1,5,'2024-05-05',6,'2024-05-05 14:40:18','2024-05-05 14:40:18'),(76,2,NULL,1,100,'2024-05-05',7,'2024-05-05 14:40:46','2024-05-05 14:40:46'),(77,37,NULL,1,100,'2024-05-05',7,'2024-05-05 14:41:40','2024-05-05 14:41:40'),(78,64,NULL,1,100,'2024-05-07',7,'2024-05-07 21:48:23','2024-05-07 21:48:23'),(79,6,NULL,1,100,'2024-05-07',7,'2024-05-07 21:48:46','2024-05-07 21:48:46'),(80,9,NULL,1,100,'2024-05-08',7,'2024-05-08 13:37:59','2024-05-08 13:37:59'),(81,63,NULL,1,100,'2024-05-08',7,'2024-05-08 16:21:45','2024-05-08 16:21:45'),(82,63,NULL,1,5,'2024-05-08',6,'2024-05-08 16:23:37','2024-05-08 16:23:37'),(83,17,NULL,1,50,'2024-05-11',7,'2024-05-15 10:21:25','2024-05-15 10:21:25'),(84,18,NULL,1,50,'2024-05-11',7,'2024-05-15 10:21:46','2024-05-15 10:21:46'),(85,35,NULL,1,100,'2024-05-26',7,'2024-05-31 19:41:26','2024-05-31 19:41:26'),(86,5,NULL,1,100,'2024-05-31',7,'2024-06-01 12:13:53','2024-06-01 12:13:53'),(87,11,NULL,2,40.5,'2024-06-01',8,'2024-06-01 12:14:39','2024-06-01 12:14:39'),(88,32,NULL,1,100,'2024-06-01',7,'2024-06-01 12:59:23','2024-06-01 12:59:23'),(89,42,NULL,1,100,'2024-06-01',7,'2024-06-01 16:22:58','2024-06-01 16:22:58'),(90,52,NULL,1,100,'2024-06-01',7,'2024-06-01 16:23:44','2024-06-01 16:23:44'),(91,52,NULL,1,5,'2024-06-01',6,'2024-06-01 16:24:06','2024-06-01 16:24:06'),(92,19,NULL,2,25,'2024-06-01',2,'2024-06-01 16:24:23','2024-06-01 16:34:33'),(93,13,NULL,1,100,'2024-06-01',7,'2024-06-01 23:50:38','2024-06-01 23:50:38'),(94,65,NULL,1,100,'2024-06-01',7,'2024-06-01 23:52:42','2024-06-01 23:52:42'),(95,1,NULL,1,100,'2024-06-01',7,'2024-06-01 23:53:35','2024-06-01 23:53:35'),(96,54,NULL,1,100,'2024-06-01',7,'2024-06-01 23:54:38','2024-06-01 23:54:38'),(97,10,NULL,1,100,'2024-06-01',7,'2024-06-01 23:55:30','2024-06-01 23:55:30'),(98,19,NULL,1,100,'2024-06-01',7,'2024-06-01 23:56:07','2024-06-01 23:56:07'),(99,38,NULL,1,100,'2024-06-02',7,'2024-06-02 14:29:18','2024-06-02 14:29:18'),(100,59,NULL,1,100,'2024-06-02',7,'2024-06-02 14:29:56','2024-06-02 14:29:56'),(101,8,NULL,1,100,'2024-06-02',7,'2024-06-02 14:30:18','2024-06-02 14:30:18'),(102,56,NULL,1,50,'2024-06-02',7,'2024-06-02 14:30:40','2024-06-02 14:30:40'),(103,9,NULL,1,5,'2024-06-02',6,'2024-06-02 14:40:42','2024-06-02 14:40:42'),(104,60,NULL,1,100,'2024-06-02',7,'2024-06-05 12:15:00','2024-06-05 12:15:00'),(105,55,NULL,1,100,'2024-06-02',7,'2024-06-05 12:15:27','2024-06-05 12:15:27'),(106,70,NULL,1,50,'2024-06-02',7,'2024-06-05 12:19:03','2024-06-05 12:19:03'),(107,71,NULL,1,50,'2024-06-04',7,'2024-06-05 12:19:24','2024-06-05 12:19:24'),(108,19,NULL,2,3465,'2024-06-11',7,'2024-06-14 13:14:15','2024-06-14 13:14:15'),(109,14,NULL,1,100,'2024-06-13',7,'2024-06-14 13:15:25','2024-06-14 13:15:25'),(110,7,NULL,1,100,'2024-06-18',7,'2024-06-19 10:39:29','2024-06-19 10:39:29'),(111,54,NULL,1,5,'2024-06-16',6,'2024-06-19 10:52:21','2024-06-19 10:52:21'),(112,11,NULL,1,10,'2024-06-22',6,'2024-06-24 01:13:43','2024-06-24 01:13:43'),(113,35,NULL,1,5,'2024-06-23',6,'2024-06-24 01:14:04','2024-06-24 01:14:04'),(114,9,NULL,1,10,'2024-06-29',6,'2024-07-01 12:37:33','2024-07-01 12:37:33'),(115,3,NULL,1,5,'2024-06-30',6,'2024-07-01 12:37:53','2024-07-01 12:37:53'),(116,54,NULL,1,5,'2024-06-30',6,'2024-07-01 12:43:05','2024-07-01 12:43:05'),(117,2,NULL,1,5,'2024-07-14',6,'2024-07-17 11:49:17','2024-07-17 11:49:17'),(118,66,NULL,1,5,'2024-07-14',6,'2024-07-17 11:49:47','2024-07-17 11:49:47'),(119,54,NULL,1,5,'2024-07-14',6,'2024-07-17 11:50:06','2024-07-17 11:50:06'),(120,42,NULL,1,5,'2024-07-14',6,'2024-07-17 11:50:27','2024-07-17 11:50:27'),(121,8,NULL,1,5,'2024-07-21',6,'2024-07-24 12:22:31','2024-07-24 12:22:31'),(122,11,NULL,2,41.7,'2024-07-27',8,'2024-07-29 12:31:15','2024-07-29 12:31:15'),(123,11,NULL,2,32,'2024-07-27',9,'2024-07-29 12:33:16','2024-07-29 12:33:16'),(124,54,NULL,1,5,'2024-07-28',6,'2024-07-29 12:33:46','2024-07-29 12:33:46'),(125,19,NULL,1,25,'2024-08-04',6,'2024-08-07 12:05:49','2024-08-07 12:05:49'),(126,54,NULL,1,5,'2024-08-04',6,'2024-08-07 12:06:19','2024-08-07 12:06:19'),(127,50,NULL,1,100,'2024-08-05',7,'2024-08-07 12:11:43','2024-08-07 12:11:43'),(128,73,NULL,1,100,'2024-08-08',7,'2024-08-12 01:03:08','2024-08-12 01:03:08'),(129,52,NULL,1,20,'2024-08-11',6,'2024-08-12 01:03:40','2024-08-12 01:03:40'),(130,74,NULL,1,100,'2024-08-11',7,'2024-08-12 01:04:38','2024-08-12 01:04:38'),(131,61,NULL,1,100,'2024-08-14',7,'2024-08-14 14:29:49','2024-08-14 14:29:49'),(132,8,NULL,1,5,'2024-08-25',6,'2024-08-26 10:33:14','2024-08-26 10:33:14'),(133,49,NULL,1,100,'2024-08-25',7,'2024-08-26 10:33:43','2024-08-26 10:33:43'),(134,5,NULL,1,5,'2024-09-01',6,'2024-09-02 18:02:43','2024-09-02 18:02:43'),(135,2,NULL,1,5,'2024-09-01',6,'2024-09-02 18:03:00','2024-09-02 18:03:00'),(136,1,NULL,1,5,'2024-09-01',6,'2024-09-02 18:03:24','2024-09-02 18:03:24'),(137,51,NULL,1,5,'2024-09-01',6,'2024-09-02 18:03:37','2024-09-02 18:03:37'),(138,54,NULL,1,5,'2024-09-07',6,'2024-09-09 13:32:44','2024-09-09 13:32:44'),(139,27,NULL,1,100,'2024-09-11',7,'2024-09-11 22:03:59','2024-09-11 22:03:59'),(140,54,NULL,1,5,'2024-09-21',6,'2024-09-23 19:20:03','2024-09-23 19:20:03'),(141,11,NULL,2,45,'2024-09-21',8,'2024-09-23 19:20:41','2024-09-23 19:20:41'),(142,11,NULL,2,10,'2024-09-21',2,'2024-09-23 19:43:30','2024-09-23 19:43:30'),(143,15,NULL,2,118.65,'2024-09-16',10,'2024-09-25 14:26:45','2024-09-25 14:26:45'),(144,69,NULL,1,100,'2024-10-11',7,'2024-10-16 12:59:07','2024-10-16 12:59:07'),(145,44,NULL,1,100,'2024-10-09',7,'2024-10-16 13:13:34','2024-10-16 13:13:34'),(146,15,NULL,2,158.78,'2024-10-23',10,'2024-10-28 10:39:00','2024-10-28 10:39:00'),(147,44,NULL,1,10,'2024-10-27',6,'2024-10-28 10:39:37','2024-10-28 10:39:37'),(148,52,NULL,1,5,'2024-11-03',6,'2024-11-06 17:19:05','2024-11-06 17:19:05'),(149,16,NULL,1,5,'2024-11-03',6,'2024-11-06 17:19:31','2024-11-06 17:19:31'),(150,3,NULL,1,5,'2024-11-10',6,'2024-11-13 11:54:21','2024-11-13 11:54:21'),(151,11,NULL,2,50,'2024-11-09',8,'2024-11-13 12:55:41','2024-11-13 12:55:41'),(152,19,NULL,1,15,'2024-11-17',6,'2024-11-20 01:47:34','2024-11-20 01:47:34'),(153,44,NULL,1,5,'2024-11-29',6,'2024-12-11 11:41:09','2024-12-11 11:41:09'),(154,11,NULL,2,5,'2024-12-07',5,'2024-12-11 11:42:06','2024-12-11 11:42:06'),(155,54,NULL,1,20,'2024-12-14',6,'2024-12-16 19:39:04','2024-12-16 19:39:04'),(156,41,NULL,1,15,'2024-12-27',6,'2024-12-27 18:29:10','2024-12-27 18:29:10'),(157,44,NULL,1,5,'2024-12-28',6,'2024-12-30 12:13:08','2024-12-30 12:13:08'),(158,11,NULL,2,50,'2025-01-04',8,'2025-01-08 11:43:41','2025-01-08 11:43:41'),(159,11,NULL,2,50,'2025-01-04',9,'2025-01-08 11:44:14','2025-01-08 11:44:14'),(160,50,NULL,1,10,'2025-01-04',6,'2025-01-08 11:44:43','2025-01-08 11:44:43'),(161,8,NULL,1,5,'2025-01-12',6,'2025-01-13 17:46:12','2025-01-13 17:46:12'),(162,77,NULL,1,100,'2025-01-11',7,'2025-01-17 10:55:46','2025-01-17 10:55:46'),(163,52,NULL,1,6,'2025-01-19',6,'2025-01-20 11:14:01','2025-01-20 11:14:01'),(164,11,NULL,2,30,'2025-02-01',9,'2025-02-06 10:50:00','2025-02-06 10:50:00'),(165,63,NULL,1,5,'2025-03-01',6,'2025-03-01 17:58:21','2025-03-01 17:58:21'),(166,8,NULL,1,10,'2025-03-01',6,'2025-03-01 17:59:18','2025-03-01 17:59:18'),(167,19,NULL,1,15,'2025-03-01',6,'2025-03-01 18:00:01','2025-03-01 18:00:01'),(168,44,NULL,1,15,'2025-03-01',6,'2025-03-01 18:00:37','2025-03-01 18:00:37'),(169,9,NULL,1,5,'2025-03-01',6,'2025-03-01 18:01:59','2025-03-01 18:01:59'),(170,4,NULL,1,100,'2025-03-01',7,'2025-03-01 18:02:31','2025-03-01 18:02:31'),(171,15,NULL,2,157.54,'2025-03-02',10,'2025-03-12 14:06:14','2025-03-12 14:06:14'),(172,54,NULL,1,20,'2025-03-09',6,'2025-03-12 14:06:37','2025-03-12 14:06:37'),(173,9,NULL,2,37.03,'2025-03-29',9,'2025-03-29 18:18:50','2025-03-29 18:18:50'),(174,80,NULL,1,5,'2025-03-29',6,'2025-03-29 18:20:35','2025-03-29 18:20:35'),(175,10,NULL,1,5,'2025-03-29',6,'2025-03-29 21:09:13','2025-03-29 21:09:13'),(176,72,NULL,1,100,'2025-03-30',7,'2025-03-31 00:52:24','2025-03-31 00:52:24'),(177,72,NULL,1,10,'2025-03-30',6,'2025-03-31 00:52:46','2025-03-31 00:52:46'),(178,81,NULL,1,5,'2025-03-30',6,'2025-03-31 00:54:10','2025-03-31 00:54:10'),(179,10,NULL,1,5,'2025-04-06',6,'2025-04-09 11:50:01','2025-04-09 11:50:01'),(180,65,NULL,1,5,'2025-04-06',6,'2025-04-09 11:50:23','2025-04-09 11:50:23'),(181,13,NULL,1,10,'2025-04-06',6,'2025-04-09 11:50:39','2025-04-09 11:50:39'),(182,3,NULL,1,5,'2025-04-06',6,'2025-04-09 11:50:55','2025-04-09 11:50:55'),(183,11,NULL,2,26,'2025-04-12',8,'2025-04-13 01:03:33','2025-04-13 01:03:33'),(184,52,NULL,1,5,'2025-04-12',6,'2025-04-13 01:03:59','2025-04-13 01:03:59'),(185,9,NULL,1,5,'2025-04-12',6,'2025-04-13 01:04:29','2025-04-13 01:04:29'),(186,54,NULL,1,5,'2025-04-13',6,'2025-04-17 12:16:55','2025-04-17 12:16:55'),(187,9,NULL,1,5,'2025-04-13',6,'2025-04-17 12:17:30','2025-04-17 12:17:30');
/*!40000 ALTER TABLE `financeiro_lancamentos` ENABLE KEYS */;
UNLOCK TABLES;

--
-- Table structure for table `jogador_gols`
--

DROP TABLE IF EXISTS `jogador_gols`;
/*!40101 SET @saved_cs_client     = @@character_set_client */;
/*!50503 SET character_set_client = utf8mb4 */;
CREATE TABLE `jogador_gols` (
  `id` int NOT NULL AUTO_INCREMENT,
  `jogador_id` int DEFAULT NULL,
  `equipe_id` int DEFAULT NULL,
  `gols` int DEFAULT NULL,
  `gols_sofridos` int DEFAULT NULL,
  `gol_contra` int DEFAULT NULL,
  `data` date DEFAULT NULL,
  `created_at` datetime DEFAULT NULL,
  `updated_at` datetime DEFAULT NULL,
  `temporada_id` int NOT NULL,
  PRIMARY KEY (`id`),
  KEY `fk_equipes_jogador_gols_idx` (`equipe_id`) /*!80000 INVISIBLE */,
  KEY `fk_jogadores_jogador_gols_idx` (`jogador_id`),
  CONSTRAINT `fk_equipes_jogador_gols` FOREIGN KEY (`equipe_id`) REFERENCES `equipes` (`id`),
  CONSTRAINT `fk_jogadores_jogador_gols` FOREIGN KEY (`jogador_id`) REFERENCES `jogadores` (`id`)
) ENGINE=InnoDB AUTO_INCREMENT=1023 DEFAULT CHARSET=utf8mb4 COLLATE=utf8mb4_0900_ai_ci;
/*!40101 SET character_set_client = @saved_cs_client */;

--
-- Dumping data for table `jogador_gols`
--

LOCK TABLES `jogador_gols` WRITE;
/*!40000 ALTER TABLE `jogador_gols` DISABLE KEYS */;
INSERT INTO `jogador_gols` VALUES (1,1,4,3,NULL,NULL,'2023-02-12','2023-02-20 10:24:46','2023-02-20 10:24:46',1),(2,2,4,2,NULL,NULL,'2023-02-12','2023-02-20 10:26:24','2023-03-14 21:59:56',1),(3,3,4,1,NULL,NULL,'2023-02-12','2023-02-20 10:27:30','2023-03-14 21:54:07',1),(4,4,4,1,NULL,NULL,'2023-02-12','2023-02-20 10:28:11','2023-03-14 21:54:32',1),(5,5,4,1,NULL,NULL,'2023-02-12','2023-02-20 10:29:05','2023-03-14 21:54:53',1),(6,6,3,1,NULL,NULL,'2023-02-12','2023-02-20 10:30:15','2023-03-14 21:55:15',1),(7,7,3,1,NULL,NULL,'2023-02-12','2023-02-20 10:30:32','2023-03-14 22:00:32',1),(8,8,3,1,NULL,NULL,'2023-02-12','2023-02-20 10:30:46','2023-03-14 21:52:20',1),(9,9,3,1,NULL,NULL,'2023-02-19','2023-02-20 10:36:51','2023-02-20 10:36:51',1),(10,10,3,2,NULL,NULL,'2023-02-19','2023-02-20 10:37:16','2023-02-20 10:37:16',1),(11,11,3,1,NULL,NULL,'2023-02-19','2023-02-20 10:37:35','2023-02-20 10:37:35',1),(12,12,4,2,NULL,NULL,'2023-02-19','2023-02-20 10:37:52','2023-02-20 10:37:52',1),(13,13,4,1,NULL,NULL,'2023-02-19','2023-02-20 10:38:08','2023-02-20 10:38:08',1),(14,14,4,1,NULL,NULL,'2023-02-19','2023-02-20 10:38:26','2023-02-20 10:38:26',1),(15,15,3,1,NULL,NULL,'2023-02-19','2023-02-20 10:38:38','2023-02-20 10:38:38',1),(16,8,3,2,NULL,NULL,'2023-02-19','2023-02-20 10:39:17','2023-02-20 10:39:17',1),(17,16,3,NULL,8,NULL,'2023-02-12','2023-02-20 10:46:15','2023-02-20 10:46:15',1),(18,17,4,NULL,3,NULL,'2023-02-12','2023-02-20 10:47:28','2023-02-20 10:47:28',1),(19,17,4,NULL,7,NULL,'2023-02-19','2023-02-20 10:48:45','2023-02-20 10:48:45',1),(20,16,3,NULL,1,NULL,'2023-02-19','2023-02-20 10:49:45','2023-02-20 10:49:45',1),(21,18,3,NULL,3,NULL,'2023-02-19','2023-02-20 10:50:40','2023-02-20 10:50:40',1),(22,10,3,2,NULL,NULL,'2023-02-26','2023-02-27 00:44:59','2023-02-27 00:44:59',1),(23,2,3,1,NULL,NULL,'2023-02-26','2023-02-27 00:45:27','2023-02-27 00:45:27',1),(24,19,3,1,NULL,NULL,'2023-02-26','2023-02-27 00:46:38','2023-02-27 00:46:38',1),(25,20,4,1,NULL,NULL,'2023-02-26','2023-02-27 00:48:25','2023-02-27 00:48:25',1),(26,17,4,NULL,4,NULL,'2023-02-26','2023-02-27 00:48:57','2023-02-27 00:48:57',1),(27,18,3,NULL,1,NULL,'2023-02-26','2023-02-27 00:49:18','2023-02-27 00:49:18',1),(28,20,4,2,NULL,NULL,'2023-03-05','2023-03-06 00:58:06','2023-03-06 00:58:06',1),(29,11,3,1,NULL,NULL,'2023-03-05','2023-03-06 00:58:34','2023-03-06 00:58:34',1),(30,21,3,1,NULL,NULL,'2023-03-05','2023-03-06 00:59:21','2023-03-06 00:59:21',1),(31,1,3,1,NULL,NULL,'2023-03-05','2023-03-06 00:59:49','2023-03-06 00:59:49',1),(32,7,3,1,NULL,NULL,'2023-03-05','2023-03-06 01:00:09','2023-03-06 01:00:09',1),(33,17,4,NULL,4,NULL,'2023-03-05','2023-03-06 01:00:41','2023-03-06 01:01:13',1),(34,22,3,NULL,1,NULL,'2023-03-05','2023-03-06 01:02:05','2023-03-06 01:02:05',1),(35,9,4,NULL,1,NULL,'2023-03-05','2023-03-06 01:02:24','2023-03-06 01:02:24',1),(36,1,4,2,NULL,NULL,'2023-03-12','2023-03-13 00:49:37','2023-03-13 00:49:37',1),(37,2,3,1,NULL,NULL,'2023-03-12','2023-03-13 00:50:08','2023-03-13 00:50:08',1),(38,8,3,2,NULL,NULL,'2023-03-12','2023-03-13 00:50:35','2023-03-13 00:50:35',1),(39,7,3,2,NULL,NULL,'2023-03-12','2023-03-13 00:51:03','2023-03-13 00:51:03',1),(40,19,4,1,NULL,NULL,'2023-03-12','2023-03-13 00:52:05','2023-03-13 00:52:05',1),(41,17,4,NULL,6,NULL,'2023-03-12','2023-03-13 00:52:46','2023-03-13 00:52:46',1),(42,18,3,NULL,2,NULL,'2023-03-12','2023-03-13 00:53:18','2023-03-13 00:53:56',1),(43,22,3,NULL,1,NULL,'2023-03-12','2023-03-13 00:53:39','2023-03-13 00:56:49',1),(44,23,3,1,NULL,NULL,'2023-03-12','2023-03-13 00:54:54','2023-03-13 00:54:54',1),(45,1,3,2,NULL,NULL,'2023-03-19','2023-03-20 11:33:55','2023-03-20 11:33:55',1),(46,8,3,2,NULL,NULL,'2023-03-19','2023-03-20 11:34:37','2023-03-20 11:34:37',1),(47,10,3,1,NULL,NULL,'2023-03-19','2023-03-20 11:35:09','2023-03-20 11:35:09',1),(48,19,4,1,NULL,NULL,'2023-03-19','2023-03-20 11:35:27','2023-03-20 11:35:39',1),(49,9,4,NULL,4,NULL,'2023-03-19','2023-03-20 11:36:46','2023-03-20 11:36:46',1),(50,3,4,NULL,1,NULL,'2023-03-19','2023-03-20 11:37:19','2023-03-20 11:37:19',1),(51,16,3,NULL,1,NULL,'2023-03-19','2023-03-20 11:37:41','2023-03-20 11:37:41',1),(52,15,3,2,NULL,NULL,'2023-03-26','2023-03-27 01:10:47','2023-03-27 01:10:47',1),(53,12,3,3,NULL,NULL,'2023-03-26','2023-03-27 01:11:09','2023-03-27 01:11:09',1),(54,11,3,1,NULL,NULL,'2023-03-26','2023-03-27 01:11:33','2023-03-27 01:11:33',1),(55,2,3,1,NULL,NULL,'2023-03-26','2023-03-27 01:12:01','2023-03-27 01:12:01',1),(56,19,4,1,NULL,NULL,'2023-03-26','2023-03-27 01:12:26','2023-03-27 01:12:26',1),(57,6,4,1,NULL,NULL,'2023-03-26','2023-03-27 01:12:50','2023-03-27 01:12:50',1),(58,1,4,1,NULL,NULL,'2023-03-26','2023-03-27 01:13:10','2023-03-27 01:13:10',1),(59,3,4,1,NULL,NULL,'2023-03-26','2023-03-27 01:13:38','2023-03-27 01:13:38',1),(60,18,4,NULL,7,NULL,'2023-03-26','2023-03-27 01:15:28','2023-03-27 01:15:28',1),(61,17,3,NULL,4,NULL,'2023-03-26','2023-03-27 01:15:50','2023-03-27 01:15:50',1),(62,1,4,2,NULL,NULL,'2023-04-02','2023-04-03 11:15:44','2023-04-03 11:15:44',1),(63,19,4,1,NULL,NULL,'2023-04-02','2023-04-03 11:16:12','2023-04-03 11:16:12',1),(64,12,4,1,NULL,NULL,'2023-04-02','2023-04-03 11:16:37','2023-04-03 11:16:37',1),(65,2,3,2,NULL,NULL,'2023-04-02','2023-04-03 11:18:19','2023-04-03 11:18:19',1),(66,15,3,1,NULL,NULL,'2023-04-02','2023-04-03 11:18:39','2023-04-03 11:18:39',1),(67,7,3,1,NULL,NULL,'2023-04-02','2023-04-03 11:19:00','2023-04-03 11:19:00',1),(68,24,3,1,NULL,NULL,'2023-04-02','2023-04-03 11:19:53','2023-04-03 11:19:53',1),(69,25,3,1,NULL,NULL,'2023-04-02','2023-04-03 11:20:37','2023-04-03 11:20:37',1),(70,18,3,NULL,5,NULL,'2023-04-02','2023-04-03 11:25:22','2023-04-03 11:25:22',1),(71,9,4,NULL,2,NULL,'2023-04-02','2023-04-03 11:25:59','2023-04-03 11:25:59',1),(72,3,4,NULL,4,NULL,'2023-04-02','2023-04-03 11:26:16','2023-04-03 11:26:16',1),(73,10,3,NULL,NULL,1,'2023-04-02','2023-04-03 11:28:16','2023-04-03 11:28:16',1),(74,1,4,4,NULL,NULL,'2023-04-09','2023-04-10 12:55:18','2023-04-10 12:55:18',1),(75,2,4,1,NULL,NULL,'2023-04-09','2023-04-10 12:55:35','2023-04-10 12:55:35',1),(76,8,3,2,NULL,NULL,'2023-04-09','2023-04-10 12:55:48','2023-04-10 12:55:48',1),(77,10,3,1,NULL,NULL,'2023-04-09','2023-04-10 12:56:07','2023-04-10 12:56:07',1),(78,19,3,2,NULL,NULL,'2023-04-09','2023-04-10 12:56:40','2023-04-10 12:56:40',1),(79,17,3,NULL,6,NULL,'2023-04-09','2023-04-10 12:57:46','2023-04-10 12:57:46',1),(80,18,4,NULL,5,NULL,'2023-04-09','2023-04-10 12:58:02','2023-04-10 12:58:02',1),(81,26,4,1,NULL,NULL,'2023-04-09','2023-04-10 13:03:44','2023-04-10 13:03:44',1),(82,8,3,1,NULL,NULL,'2023-04-16','2023-04-19 11:30:09','2023-04-19 11:30:09',1),(83,6,3,1,NULL,NULL,'2023-04-16','2023-04-19 11:30:29','2023-04-19 11:30:29',1),(84,10,3,1,NULL,NULL,'2023-04-16','2023-04-19 11:30:44','2023-04-19 11:30:44',1),(85,17,4,NULL,3,NULL,'2023-04-16','2023-04-19 11:31:06','2023-04-19 11:31:06',1),(86,1,4,1,NULL,NULL,'2023-04-23','2023-04-24 18:03:40','2023-04-24 18:03:40',1),(87,19,4,1,NULL,NULL,'2023-04-23','2023-04-24 18:04:00','2023-04-24 18:04:00',1),(88,26,4,1,NULL,NULL,'2023-04-23','2023-04-24 18:04:46','2023-04-24 18:04:46',1),(89,8,3,1,NULL,NULL,'2023-04-23','2023-04-24 18:05:04','2023-04-24 18:05:04',1),(90,15,3,1,NULL,NULL,'2023-04-23','2023-04-24 18:05:22','2023-04-24 18:05:22',1),(91,6,3,3,NULL,NULL,'2023-04-23','2023-04-24 18:05:41','2023-04-24 18:05:41',1),(92,11,3,2,NULL,NULL,'2023-04-23','2023-04-24 18:05:59','2023-04-24 18:05:59',1),(93,27,3,1,NULL,NULL,'2023-04-23','2023-04-24 18:08:56','2023-04-24 18:08:56',1),(94,17,3,NULL,1,NULL,'2023-04-23','2023-04-24 18:09:22','2023-04-24 18:09:22',1),(95,18,3,NULL,2,NULL,'2023-04-23','2023-04-24 18:09:43','2023-04-24 18:09:43',1),(96,16,4,NULL,8,NULL,'2023-04-23','2023-04-24 18:10:00','2023-04-24 18:10:00',1),(97,8,3,2,NULL,NULL,'2023-04-30','2023-04-30 15:06:15','2023-04-30 15:06:15',1),(98,2,3,1,NULL,NULL,'2023-04-30','2023-04-30 15:06:37','2023-04-30 15:06:37',1),(99,6,3,1,NULL,NULL,'2023-04-30','2023-04-30 15:06:57','2023-04-30 15:06:57',1),(100,12,3,2,NULL,NULL,'2023-04-30','2023-04-30 15:07:17','2023-04-30 15:07:17',1),(101,15,3,1,NULL,NULL,'2023-04-30','2023-04-30 15:07:36','2023-04-30 15:07:36',1),(102,9,4,1,NULL,NULL,'2023-04-30','2023-04-30 15:07:57','2023-04-30 15:07:57',1),(103,17,3,NULL,1,NULL,'2023-04-30','2023-04-30 15:08:14','2023-04-30 15:08:14',1),(104,18,4,NULL,7,NULL,'2023-04-30','2023-04-30 15:08:34','2023-04-30 15:08:34',1),(105,7,3,1,NULL,NULL,'2023-05-07','2023-05-08 13:01:00','2023-05-08 13:01:00',1),(106,28,3,1,NULL,NULL,'2023-05-07','2023-05-08 13:01:51','2023-05-08 13:01:51',1),(107,27,3,1,NULL,NULL,'2023-05-07','2023-05-08 13:02:07','2023-05-08 13:02:07',1),(108,1,3,1,NULL,NULL,'2023-05-07','2023-05-08 13:02:25','2023-05-08 13:02:25',1),(109,11,3,1,NULL,NULL,'2023-05-07','2023-05-08 13:02:42','2023-05-08 13:02:42',1),(110,12,4,2,NULL,NULL,'2023-05-07','2023-05-08 13:03:04','2023-05-08 13:03:04',1),(111,19,4,1,NULL,NULL,'2023-05-07','2023-05-08 13:03:22','2023-05-08 13:03:22',1),(112,6,4,1,NULL,NULL,'2023-05-07','2023-05-08 13:03:38','2023-05-08 13:03:38',1),(113,16,4,NULL,6,NULL,'2023-05-07','2023-05-08 13:03:57','2023-05-08 13:03:57',1),(114,8,3,NULL,4,NULL,'2023-05-07','2023-05-08 13:04:25','2023-05-08 13:04:25',1),(115,2,3,1,NULL,NULL,'2023-05-07','2023-05-08 13:07:17','2023-05-08 13:07:17',1),(116,1,3,1,NULL,NULL,'2023-05-13','2023-05-17 11:59:41','2023-05-17 11:59:41',1),(117,2,3,1,NULL,NULL,'2023-05-13','2023-05-17 11:59:59','2023-05-17 11:59:59',1),(118,8,4,2,NULL,NULL,'2023-05-13','2023-05-17 12:00:21','2023-05-17 12:00:21',1),(119,12,4,1,NULL,NULL,'2023-05-13','2023-05-17 12:00:38','2023-05-17 12:00:38',1),(120,17,4,NULL,2,NULL,'2023-05-13','2023-05-17 12:01:24','2023-05-17 12:01:24',1),(121,3,3,NULL,3,NULL,'2023-05-13','2023-05-17 12:01:51','2023-05-17 12:01:51',1),(122,1,4,4,NULL,NULL,'2023-05-21','2023-05-24 14:00:50','2023-05-24 14:00:50',1),(123,7,4,1,NULL,NULL,'2023-05-21','2023-05-24 14:01:11','2023-05-24 14:01:11',1),(124,15,4,1,NULL,NULL,'2023-05-21','2023-05-24 14:01:38','2023-05-24 14:01:38',1),(125,2,3,3,NULL,NULL,'2023-05-21','2023-05-24 14:01:57','2023-05-24 14:01:57',1),(126,21,3,1,NULL,NULL,'2023-05-21','2023-05-24 14:02:17','2023-05-24 14:02:17',1),(127,8,3,1,NULL,NULL,'2023-05-21','2023-05-24 14:02:31','2023-05-24 14:02:31',1),(128,19,3,1,NULL,NULL,'2023-05-21','2023-05-24 14:02:48','2023-05-24 14:02:48',1),(129,17,4,NULL,6,NULL,'2023-05-21','2023-05-24 14:03:05','2023-05-24 14:03:05',1),(130,18,3,NULL,3,NULL,'2023-05-21','2023-05-24 14:03:56','2023-05-24 14:03:56',1),(131,16,3,NULL,3,NULL,'2023-05-21','2023-05-24 14:04:10','2023-05-24 14:04:10',1),(132,1,3,2,NULL,NULL,'2023-05-28','2023-05-31 01:53:30','2023-05-31 01:53:30',1),(133,5,4,1,NULL,NULL,'2023-05-28','2023-05-31 01:54:07','2023-05-31 01:54:07',1),(134,2,4,1,NULL,NULL,'2023-05-28','2023-05-31 01:54:30','2023-05-31 01:54:30',1),(135,11,3,1,NULL,NULL,'2023-05-28','2023-05-31 01:54:55','2023-05-31 01:54:55',1),(136,19,3,2,NULL,NULL,'2023-05-28','2023-05-31 01:56:07','2023-05-31 01:56:07',1),(137,29,4,1,NULL,NULL,'2023-05-28','2023-05-31 01:57:15','2023-05-31 01:57:15',1),(138,16,3,NULL,3,NULL,'2023-05-28','2023-05-31 01:58:03','2023-05-31 01:58:03',1),(139,18,4,NULL,5,NULL,'2023-05-28','2023-05-31 01:58:18','2023-05-31 01:58:18',1),(140,1,3,2,NULL,NULL,'2023-06-04','2023-06-06 12:26:04','2023-06-06 12:26:04',1),(141,8,3,3,NULL,NULL,'2023-06-04','2023-06-06 12:26:20','2023-06-06 12:26:20',1),(142,2,4,2,NULL,NULL,'2023-06-04','2023-06-06 12:26:35','2023-06-06 12:26:35',1),(143,27,3,2,NULL,NULL,'2023-06-04','2023-06-06 12:27:04','2023-06-06 12:27:04',1),(144,6,4,1,NULL,NULL,'2023-06-04','2023-06-06 12:27:27','2023-06-06 12:27:27',1),(145,19,4,1,NULL,NULL,'2023-06-04','2023-06-06 12:27:41','2023-06-06 12:27:41',1),(146,13,3,1,NULL,NULL,'2023-06-04','2023-06-06 12:28:02','2023-06-06 12:28:02',1),(147,16,4,NULL,8,NULL,'2023-06-04','2023-06-06 12:29:27','2023-06-06 12:29:27',1),(148,17,3,NULL,4,NULL,'2023-06-04','2023-06-06 12:29:48','2023-06-06 12:29:48',1),(149,2,4,1,NULL,NULL,'2023-06-11','2023-06-15 10:52:58','2023-06-15 10:52:58',1),(150,19,4,1,NULL,NULL,'2023-06-11','2023-06-15 10:53:16','2023-06-15 10:53:16',1),(151,12,4,2,NULL,NULL,'2023-06-11','2023-06-15 10:53:30','2023-06-15 10:53:30',1),(152,16,3,NULL,4,NULL,'2023-06-11','2023-06-15 10:53:52','2023-06-15 10:53:52',1),(153,1,3,1,NULL,NULL,'2023-06-18','2023-06-20 17:45:45','2023-06-20 17:45:45',1),(154,2,4,1,NULL,NULL,'2023-06-18','2023-06-20 17:45:59','2023-06-20 17:45:59',1),(155,10,3,1,NULL,NULL,'2023-06-18','2023-06-20 17:46:14','2023-06-20 17:46:14',1),(156,9,3,1,NULL,NULL,'2023-06-18','2023-06-20 17:46:37','2023-06-20 17:46:37',1),(157,30,4,1,NULL,NULL,'2023-06-18','2023-06-20 17:48:55','2023-06-20 17:48:55',1),(158,31,4,1,NULL,NULL,'2023-06-18','2023-06-20 17:49:10','2023-06-20 17:49:10',1),(159,16,3,NULL,3,NULL,'2023-06-18','2023-06-20 17:49:25','2023-06-20 17:49:25',1),(160,18,4,NULL,3,NULL,'2023-06-18','2023-06-20 17:49:39','2023-06-20 17:49:39',1),(161,1,4,1,NULL,NULL,'2023-06-25','2023-06-28 01:24:27','2023-06-28 01:24:27',1),(162,19,4,1,NULL,NULL,'2023-06-25','2023-06-28 01:24:44','2023-06-28 01:24:44',1),(163,12,3,1,NULL,NULL,'2023-06-25','2023-06-28 01:25:02','2023-06-28 01:25:02',1),(164,7,3,2,NULL,NULL,'2023-06-25','2023-06-28 01:25:17','2023-06-28 01:25:17',1),(165,15,4,1,NULL,NULL,'2023-06-25','2023-06-28 01:25:31','2023-06-28 01:25:31',1),(166,20,3,1,NULL,NULL,'2023-06-25','2023-06-28 01:25:55','2023-06-28 01:25:55',1),(167,13,3,1,NULL,NULL,'2023-06-25','2023-06-28 01:26:11','2023-06-28 01:26:11',1),(168,31,4,2,NULL,NULL,'2023-06-25','2023-06-28 01:26:30','2023-06-28 01:26:30',1),(169,17,4,NULL,3,NULL,'2023-06-25','2023-06-28 01:26:45','2023-06-28 01:26:45',1),(170,18,4,NULL,2,NULL,'2023-06-25','2023-06-28 01:26:57','2023-06-28 01:26:57',1),(171,16,3,NULL,5,NULL,'2023-06-25','2023-06-28 01:27:14','2023-06-28 01:27:14',1),(172,1,3,2,NULL,NULL,'2023-07-02','2023-07-05 00:38:39','2023-07-05 00:38:39',1),(173,32,4,1,NULL,NULL,'2023-07-02','2023-07-05 00:39:16','2023-07-05 00:39:16',1),(174,11,3,1,NULL,NULL,'2023-07-02','2023-07-05 00:39:33','2023-07-05 00:39:33',1),(175,33,4,2,NULL,NULL,'2023-07-02','2023-07-05 00:40:09','2023-07-05 00:40:09',1),(176,10,3,1,NULL,NULL,'2023-07-02','2023-07-05 00:40:26','2023-07-05 00:40:26',1),(177,15,4,1,NULL,NULL,'2023-07-02','2023-07-05 00:40:41','2023-07-05 00:40:41',1),(178,16,3,NULL,4,NULL,'2023-07-02','2023-07-05 00:41:41','2023-07-05 00:41:41',1),(179,34,4,NULL,4,NULL,'2023-07-02','2023-07-05 00:42:18','2023-07-05 00:42:18',1),(180,33,3,2,NULL,NULL,'2023-07-08','2023-07-09 11:40:56','2023-07-09 11:40:56',1),(181,28,3,1,NULL,NULL,'2023-07-08','2023-07-09 11:41:12','2023-07-09 11:41:12',1),(182,11,3,1,NULL,NULL,'2023-07-08','2023-07-09 11:41:28','2023-07-09 11:41:28',1),(183,2,4,1,NULL,NULL,'2023-07-08','2023-07-09 11:41:39','2023-07-09 11:41:39',1),(184,15,4,1,NULL,NULL,'2023-07-08','2023-07-09 11:41:57','2023-07-09 11:41:57',1),(185,8,4,1,NULL,NULL,'2023-07-08','2023-07-09 11:42:09','2023-07-09 11:42:09',1),(186,16,3,NULL,3,NULL,'2023-07-08','2023-07-09 11:42:24','2023-07-09 11:42:24',1),(187,18,4,NULL,4,NULL,'2023-07-08','2023-07-09 11:42:38','2023-07-09 11:42:38',1),(188,6,3,3,NULL,NULL,'2023-07-16','2023-07-17 16:42:22','2023-07-17 16:42:22',2),(189,8,3,2,NULL,NULL,'2023-07-16','2023-07-17 16:42:45','2023-07-17 16:42:45',2),(190,10,3,1,NULL,NULL,'2023-07-16','2023-07-17 16:43:06','2023-07-17 16:43:06',2),(191,21,3,1,NULL,NULL,'2023-07-16','2023-07-17 16:43:35','2023-07-17 16:43:35',2),(192,9,3,1,NULL,NULL,'2023-07-16','2023-07-17 16:44:12','2023-07-17 16:44:12',2),(193,3,4,1,NULL,NULL,'2023-07-16','2023-07-17 16:44:47','2023-07-17 16:44:47',2),(194,2,4,1,NULL,NULL,'2023-07-16','2023-07-17 16:45:05','2023-07-17 16:47:46',2),(195,16,3,NULL,2,NULL,'2023-07-16','2023-07-17 16:45:46','2023-07-17 16:45:46',2),(196,17,4,NULL,3,NULL,'2023-07-16','2023-07-17 16:46:39','2023-07-17 16:46:39',2),(197,18,4,NULL,5,NULL,'2023-07-16','2023-07-17 16:46:58','2023-07-17 16:46:58',2),(198,1,4,3,NULL,NULL,'2023-07-23','2023-07-24 17:00:46','2023-07-30 19:24:40',2),(199,33,4,2,NULL,NULL,'2023-07-23','2023-07-24 17:01:10','2023-07-24 17:01:10',2),(200,15,4,1,NULL,NULL,'2023-07-23','2023-07-24 17:01:30','2023-07-24 17:01:30',2),(201,16,4,1,NULL,NULL,'2023-07-23','2023-07-24 17:01:50','2023-07-24 17:01:50',2),(202,19,3,4,NULL,NULL,'2023-07-23','2023-07-24 17:02:19','2023-07-24 17:02:19',2),(203,11,3,2,NULL,NULL,'2023-07-23','2023-07-24 17:02:39','2023-07-24 17:02:39',2),(204,6,3,1,NULL,NULL,'2023-07-23','2023-07-24 17:02:59','2023-07-24 17:02:59',2),(205,2,3,1,NULL,NULL,'2023-07-23','2023-07-24 17:03:16','2023-07-24 17:03:16',2),(206,10,3,1,NULL,NULL,'2023-07-23','2023-07-24 17:03:32','2023-07-24 17:03:32',2),(207,18,4,NULL,9,NULL,'2023-07-23','2023-07-24 17:03:52','2023-07-24 17:03:52',2),(208,17,3,NULL,8,NULL,'2023-07-23','2023-07-24 17:04:08','2023-07-24 17:04:08',2),(209,35,4,1,NULL,NULL,'2023-07-23','2023-07-30 19:25:25','2023-07-30 19:25:25',2),(210,1,4,1,NULL,NULL,'2023-07-30','2023-07-30 19:25:58','2023-07-30 19:25:58',2),(211,8,4,1,NULL,NULL,'2023-07-30','2023-07-30 19:26:15','2023-07-30 19:26:15',2),(212,2,3,1,NULL,NULL,'2023-07-30','2023-07-30 19:26:30','2023-07-30 19:26:30',2),(213,11,3,2,NULL,NULL,'2023-07-30','2023-07-30 19:26:47','2023-07-30 19:26:47',2),(214,33,3,1,NULL,NULL,'2023-07-30','2023-07-30 19:27:09','2023-07-30 19:27:09',2),(215,16,4,NULL,4,NULL,'2023-07-30','2023-07-30 19:27:35','2023-07-30 19:27:35',2),(216,17,3,NULL,2,NULL,'2023-07-30','2023-07-30 19:27:51','2023-07-30 19:27:51',2),(217,1,4,3,NULL,NULL,'2023-08-06','2023-08-07 13:05:05','2023-08-07 13:05:05',2),(218,36,4,1,NULL,NULL,'2023-08-06','2023-08-07 13:05:45','2023-08-07 13:05:45',2),(219,2,3,1,NULL,NULL,'2023-08-06','2023-08-07 13:06:05','2023-08-07 13:06:05',2),(220,30,3,1,NULL,NULL,'2023-08-06','2023-08-07 13:06:23','2023-08-07 13:06:23',2),(221,10,3,1,NULL,NULL,'2023-08-06','2023-08-07 13:06:44','2023-08-07 13:06:44',2),(222,18,3,NULL,4,NULL,'2023-08-06','2023-08-07 13:15:36','2023-08-07 13:15:36',2),(223,16,4,NULL,3,NULL,'2023-08-06','2023-08-07 13:15:58','2023-08-07 13:15:58',2),(224,1,3,2,NULL,NULL,'2023-08-13','2023-08-14 00:10:24','2023-08-14 00:10:24',2),(225,19,3,1,NULL,NULL,'2023-08-13','2023-08-14 00:10:43','2023-08-14 00:10:43',2),(226,15,4,3,NULL,NULL,'2023-08-13','2023-08-14 00:11:11','2023-08-14 00:11:11',2),(227,9,4,1,NULL,NULL,'2023-08-13','2023-08-14 00:11:30','2023-08-14 00:11:30',2),(228,16,4,NULL,3,NULL,'2023-08-13','2023-08-14 00:11:51','2023-08-14 00:11:51',2),(229,18,3,NULL,4,NULL,'2023-08-13','2023-08-14 00:12:11','2023-08-14 00:12:11',2),(230,1,3,2,NULL,NULL,'2023-08-20','2023-08-21 00:01:48','2023-08-21 00:01:48',2),(231,19,4,1,NULL,NULL,'2023-08-20','2023-08-21 00:02:00','2023-08-21 00:02:00',2),(232,6,4,1,NULL,NULL,'2023-08-20','2023-08-21 00:02:14','2023-08-21 00:02:14',2),(233,27,4,1,NULL,NULL,'2023-08-20','2023-08-21 00:03:10','2023-08-21 00:03:10',2),(234,37,3,1,NULL,NULL,'2023-08-20','2023-08-21 00:03:54','2023-08-21 00:03:54',2),(235,16,3,1,3,NULL,'2023-08-20','2023-08-21 00:04:15','2023-08-21 00:04:15',2),(236,17,4,NULL,4,NULL,'2023-08-20','2023-08-21 00:04:36','2023-08-21 00:04:36',2),(237,11,3,1,NULL,NULL,'2023-08-27','2023-08-27 17:36:53','2023-08-27 17:36:53',2),(238,19,3,1,NULL,NULL,'2023-08-27','2023-08-27 17:37:10','2023-08-27 17:37:10',2),(239,28,3,1,NULL,NULL,'2023-08-27','2023-08-27 17:37:38','2023-08-27 17:37:38',2),(240,1,3,1,NULL,NULL,'2023-08-27','2023-08-27 17:37:54','2023-08-27 17:37:54',2),(241,2,4,2,NULL,NULL,'2023-08-27','2023-08-27 17:38:11','2023-08-27 17:38:11',2),(242,15,4,2,NULL,NULL,'2023-08-27','2023-08-27 17:38:27','2023-08-27 17:38:27',2),(243,35,4,1,NULL,NULL,'2023-08-27','2023-08-27 17:38:46','2023-08-27 17:38:46',2),(244,38,4,1,NULL,NULL,'2023-08-27','2023-08-27 17:39:34','2023-08-27 17:39:34',2),(245,39,4,1,NULL,NULL,'2023-08-27','2023-08-27 17:47:12','2023-08-27 17:47:12',2),(246,27,4,1,NULL,NULL,'2023-08-27','2023-08-27 17:47:55','2023-08-27 17:47:55',2),(247,16,3,NULL,8,NULL,'2023-08-27','2023-08-27 17:49:50','2023-08-27 17:49:50',2),(248,30,4,NULL,4,NULL,'2023-08-27','2023-08-27 17:50:11','2023-08-27 17:50:11',2),(249,1,4,2,NULL,NULL,'2023-09-03','2023-09-06 01:09:57','2023-09-06 01:09:57',2),(250,7,4,1,NULL,NULL,'2023-09-03','2023-09-06 01:10:22','2023-09-06 01:10:22',2),(251,12,4,1,NULL,NULL,'2023-09-03','2023-09-06 01:10:42','2023-09-06 01:17:44',2),(252,32,3,1,NULL,NULL,'2023-09-03','2023-09-06 01:16:17','2023-09-06 01:16:17',2),(253,28,3,1,NULL,NULL,'2023-09-03','2023-09-06 01:17:10','2023-09-06 01:17:10',2),(254,17,4,NULL,2,NULL,'2023-09-03','2023-09-06 01:19:42','2023-09-06 01:19:42',2),(255,16,3,NULL,4,NULL,'2023-09-03','2023-09-06 01:20:04','2023-09-06 01:20:04',2),(256,2,3,1,NULL,NULL,'2023-09-10','2023-09-12 23:16:20','2023-09-12 23:16:20',2),(257,27,3,1,NULL,NULL,'2023-09-10','2023-09-12 23:16:43','2023-09-12 23:16:43',2),(258,40,3,2,NULL,NULL,'2023-09-10','2023-09-12 23:18:23','2023-09-12 23:18:23',2),(259,41,3,1,NULL,NULL,'2023-09-10','2023-09-12 23:18:42','2023-09-12 23:18:42',2),(260,32,4,3,NULL,NULL,'2023-09-10','2023-09-12 23:19:00','2023-09-12 23:19:00',2),(261,3,4,NULL,5,NULL,'2023-09-10','2023-09-12 23:19:26','2023-09-12 23:19:26',2),(262,16,3,NULL,3,NULL,'2023-09-10','2023-09-12 23:19:49','2023-09-12 23:19:49',2),(263,1,3,1,NULL,NULL,'2023-09-17','2023-09-18 00:41:32','2023-09-18 00:41:32',2),(264,2,3,1,NULL,NULL,'2023-09-17','2023-09-18 00:41:48','2023-09-18 00:41:48',2),(265,6,4,2,NULL,NULL,'2023-09-17','2023-09-18 00:42:06','2023-09-18 00:42:06',2),(266,8,4,2,NULL,NULL,'2023-09-17','2023-09-18 00:42:23','2023-09-18 00:42:23',2),(267,14,4,1,NULL,NULL,'2023-09-17','2023-09-18 00:42:59','2023-09-18 00:42:59',2),(268,42,4,4,NULL,NULL,'2023-09-17','2023-09-18 00:43:41','2023-09-18 00:43:41',2),(269,43,4,2,NULL,NULL,'2023-09-17','2023-09-18 00:44:08','2023-09-18 00:44:08',2),(270,17,3,NULL,11,NULL,'2023-09-17','2023-09-18 00:44:41','2023-09-18 00:44:41',2),(271,18,4,NULL,2,NULL,'2023-09-17','2023-09-18 00:45:43','2023-09-18 00:45:43',2),(272,11,3,3,NULL,NULL,'2023-09-23','2023-09-28 20:05:47','2023-09-28 20:05:47',2),(273,44,3,2,NULL,NULL,'2023-09-23','2023-09-28 20:06:24','2023-09-28 20:06:24',2),(274,45,4,2,NULL,NULL,'2023-09-23','2023-09-28 20:07:14','2023-09-28 20:07:14',2),(275,27,3,1,NULL,NULL,'2023-09-23','2023-09-28 20:07:43','2023-09-28 20:07:43',2),(276,2,3,1,NULL,NULL,'2023-09-23','2023-09-28 20:08:04','2023-09-28 20:08:04',2),(277,13,3,1,NULL,NULL,'2023-09-23','2023-09-28 20:08:27','2023-09-28 20:08:27',2),(278,15,4,1,NULL,NULL,'2023-09-23','2023-09-28 20:08:48','2023-09-28 20:08:48',2),(279,40,4,1,NULL,NULL,'2023-09-23','2023-09-28 20:09:09','2023-09-28 20:09:09',2),(280,6,4,1,NULL,NULL,'2023-09-23','2023-09-28 20:09:35','2023-09-28 20:09:35',2),(281,8,4,1,NULL,NULL,'2023-09-23','2023-09-28 20:09:50','2023-09-28 20:09:50',2),(282,30,3,NULL,6,NULL,'2023-09-23','2023-09-28 20:10:10','2023-09-28 20:10:10',2),(283,34,4,NULL,8,NULL,'2023-09-23','2023-09-28 20:10:32','2023-09-28 20:15:14',2),(284,19,3,3,NULL,NULL,'2023-10-01','2023-10-04 01:34:35','2023-10-04 01:34:35',2),(285,2,3,3,NULL,NULL,'2023-10-01','2023-10-04 01:34:51','2023-10-04 01:34:51',2),(286,1,3,2,NULL,NULL,'2023-10-01','2023-10-04 01:35:09','2023-10-04 01:35:09',2),(287,21,3,1,NULL,NULL,'2023-10-01','2023-10-04 01:35:30','2023-10-04 01:35:30',2),(288,20,4,2,NULL,NULL,'2023-10-01','2023-10-04 01:35:49','2023-10-04 01:35:49',2),(289,9,4,1,NULL,NULL,'2023-10-01','2023-10-04 01:36:10','2023-10-04 01:36:10',2),(290,14,4,1,NULL,NULL,'2023-10-01','2023-10-04 01:36:27','2023-10-04 01:36:27',2),(291,16,4,NULL,9,NULL,'2023-10-01','2023-10-04 01:36:43','2023-10-04 01:36:43',2),(292,18,3,NULL,1,NULL,'2023-10-01','2023-10-04 01:37:07','2023-10-04 01:37:07',2),(293,17,3,NULL,3,NULL,'2023-10-01','2023-10-04 01:37:28','2023-10-04 01:37:28',2),(294,32,3,1,NULL,NULL,'2023-10-08','2023-10-11 12:47:47','2023-10-11 12:47:47',2),(295,9,3,1,1,NULL,'2023-10-08','2023-10-11 12:48:12','2023-10-11 14:02:37',2),(296,14,4,1,NULL,NULL,'2023-10-08','2023-10-11 12:48:31','2023-10-11 12:48:31',2),(297,28,4,1,NULL,NULL,'2023-10-08','2023-10-11 12:48:47','2023-10-11 12:48:47',2),(298,16,4,NULL,2,NULL,'2023-10-08','2023-10-11 12:49:16','2023-10-11 12:49:16',2),(299,3,3,NULL,1,NULL,'2023-10-08','2023-10-11 14:03:10','2023-10-11 14:03:10',2),(300,2,4,2,NULL,NULL,'2023-10-14','2023-10-16 14:19:46','2023-10-16 14:19:46',2),(301,42,4,1,NULL,NULL,'2023-10-14','2023-10-16 14:20:14','2023-10-16 14:20:14',2),(302,24,4,1,NULL,NULL,'2023-10-14','2023-10-16 14:20:45','2023-10-16 14:20:45',2),(303,9,4,1,NULL,NULL,'2023-10-14','2023-10-16 14:21:05','2023-10-16 14:21:05',2),(304,11,3,3,NULL,NULL,'2023-10-14','2023-10-16 14:21:28','2023-10-16 14:21:28',2),(305,1,3,1,NULL,NULL,'2023-10-14','2023-10-16 14:21:42','2023-10-16 14:21:42',2),(306,16,3,NULL,4,NULL,'2023-10-14','2023-10-16 14:22:26','2023-10-16 14:23:41',2),(307,17,3,NULL,2,NULL,'2023-10-14','2023-10-16 14:23:02','2023-10-16 14:23:02',2),(308,18,3,NULL,3,NULL,'2023-10-14','2023-10-16 14:23:21','2023-10-16 14:23:21',2),(309,1,3,1,NULL,NULL,'2023-10-22','2023-10-28 12:56:24','2023-10-28 12:56:24',2),(310,12,3,1,NULL,NULL,'2023-10-22','2023-10-28 12:56:47','2023-10-28 12:56:47',2),(311,11,3,1,NULL,NULL,'2023-10-22','2023-10-28 12:57:05','2023-10-28 12:57:05',2),(312,32,3,2,NULL,NULL,'2023-10-22','2023-10-28 12:57:25','2023-10-28 12:57:25',2),(313,30,3,1,NULL,NULL,'2023-10-22','2023-10-28 12:57:43','2023-10-28 12:57:43',2),(314,19,4,1,NULL,NULL,'2023-10-22','2023-10-28 12:57:57','2023-10-28 12:57:57',2),(315,16,3,NULL,1,NULL,'2023-10-22','2023-10-28 12:58:21','2023-10-28 12:58:21',2),(316,9,4,NULL,3,NULL,'2023-10-22','2023-10-28 12:59:12','2023-10-28 12:59:12',2),(317,3,4,NULL,3,NULL,'2023-10-22','2023-10-28 12:59:31','2023-10-28 12:59:31',2),(318,42,4,1,NULL,NULL,'2023-10-29','2023-11-01 00:43:08','2023-11-01 00:43:08',2),(319,8,4,1,NULL,NULL,'2023-10-29','2023-11-01 00:43:25','2023-11-01 00:43:25',2),(320,40,4,1,NULL,NULL,'2023-10-29','2023-11-01 00:43:40','2023-11-01 00:43:40',2),(321,38,4,1,NULL,NULL,'2023-10-29','2023-11-01 00:44:02','2023-11-01 00:44:02',2),(322,46,4,1,NULL,NULL,'2023-10-29','2023-11-01 00:44:42','2023-11-01 00:44:42',2),(323,35,3,1,NULL,NULL,'2023-10-29','2023-11-01 00:45:06','2023-11-01 00:45:06',2),(324,28,3,1,NULL,NULL,'2023-10-29','2023-11-01 00:45:21','2023-11-01 00:45:21',2),(325,2,3,2,NULL,NULL,'2023-10-29','2023-11-01 00:45:37','2023-11-01 00:45:37',2),(326,17,3,NULL,5,NULL,'2023-10-29','2023-11-01 00:46:47','2023-11-01 00:46:47',2),(327,18,4,NULL,4,NULL,'2023-10-29','2023-11-01 00:47:04','2023-11-01 00:47:04',2),(328,32,3,3,NULL,NULL,'2023-11-05','2023-11-08 22:27:20','2023-11-08 22:27:20',2),(329,15,4,2,NULL,NULL,'2023-11-05','2023-11-08 22:27:36','2023-11-08 22:27:36',2),(330,14,4,1,NULL,NULL,'2023-11-05','2023-11-08 22:27:53','2023-11-08 22:27:53',2),(331,8,4,1,NULL,NULL,'2023-11-05','2023-11-08 22:28:09','2023-11-08 22:28:09',2),(332,7,3,1,NULL,NULL,'2023-11-05','2023-11-08 22:28:29','2023-11-08 22:28:29',2),(333,11,3,1,NULL,NULL,'2023-11-05','2023-11-08 22:28:51','2023-11-08 22:28:51',2),(334,1,4,1,NULL,NULL,'2023-11-05','2023-11-08 22:29:05','2023-11-08 22:29:05',2),(335,35,3,1,NULL,NULL,'2023-11-05','2023-11-08 22:29:24','2023-11-08 22:29:24',2),(336,42,4,2,NULL,NULL,'2023-11-05','2023-11-08 22:30:04','2023-11-08 22:30:04',2),(337,17,3,NULL,7,NULL,'2023-11-05','2023-11-08 22:30:24','2023-11-08 22:30:24',2),(338,18,4,NULL,6,NULL,'2023-11-05','2023-11-08 22:30:39','2023-11-08 22:30:39',2),(339,1,4,2,NULL,NULL,'2023-11-12','2023-11-15 19:54:08','2023-11-15 19:54:08',2),(340,42,4,1,NULL,NULL,'2023-11-12','2023-11-15 19:54:25','2023-11-15 19:54:25',2),(341,21,3,1,NULL,NULL,'2023-11-12','2023-11-15 19:54:46','2023-11-15 19:54:46',2),(342,11,3,1,NULL,NULL,'2023-11-12','2023-11-15 19:55:04','2023-11-15 19:55:04',2),(343,8,4,1,NULL,NULL,'2023-11-12','2023-11-15 19:55:41','2023-11-15 19:55:41',2),(344,10,4,1,NULL,NULL,'2023-11-12','2023-11-15 19:56:00','2023-11-15 19:56:00',2),(345,19,4,1,NULL,NULL,'2023-11-12','2023-11-15 19:56:15','2023-11-15 19:56:15',2),(346,6,3,1,NULL,NULL,'2023-11-12','2023-11-15 19:56:34','2023-11-15 19:56:34',2),(347,32,3,2,NULL,NULL,'2023-11-12','2023-11-15 19:56:49','2023-11-15 19:56:49',2),(348,15,4,1,NULL,NULL,'2023-11-12','2023-11-15 19:57:12','2023-11-15 19:57:12',2),(349,16,4,NULL,5,NULL,'2023-11-12','2023-11-17 12:27:46','2023-11-17 12:27:46',2),(350,18,3,NULL,7,NULL,'2023-11-12','2023-11-17 12:28:10','2023-11-17 12:28:10',2),(351,11,3,1,NULL,NULL,'2023-11-18','2023-11-20 12:54:18','2023-11-20 12:54:18',2),(352,44,3,4,NULL,NULL,'2023-11-18','2023-11-20 13:02:34','2023-11-20 13:02:34',2),(353,12,4,1,NULL,NULL,'2023-11-18','2023-11-20 13:02:54','2023-11-20 13:02:54',2),(354,17,3,NULL,1,NULL,'2023-11-18','2023-11-20 13:03:13','2023-11-20 13:03:13',2),(355,18,4,NULL,4,NULL,'2023-11-18','2023-11-20 13:03:28','2023-11-20 13:03:28',2),(356,16,4,NULL,1,NULL,'2023-11-18','2023-11-20 13:03:43','2023-11-20 13:03:43',2),(357,2,4,1,NULL,NULL,'2023-12-02','2023-12-06 13:14:11','2023-12-06 13:14:11',2),(358,6,4,1,NULL,NULL,'2023-12-02','2023-12-06 13:14:26','2023-12-06 13:14:26',2),(359,9,4,1,NULL,NULL,'2023-12-02','2023-12-06 13:14:43','2023-12-06 13:14:43',2),(360,11,3,1,NULL,NULL,'2023-12-02','2023-12-06 13:14:55','2023-12-06 13:14:55',2),(361,42,3,1,NULL,NULL,'2023-12-02','2023-12-06 13:15:12','2023-12-06 13:15:12',2),(362,13,3,1,NULL,NULL,'2023-12-02','2023-12-06 13:15:49','2023-12-06 13:15:49',2),(363,17,4,NULL,3,NULL,'2023-12-02','2023-12-06 13:16:07','2023-12-06 13:16:07',2),(364,16,3,NULL,3,NULL,'2023-12-02','2023-12-06 13:16:23','2023-12-06 13:16:23',2),(365,8,4,3,NULL,NULL,'2023-12-09','2023-12-14 13:41:41','2023-12-14 13:41:41',2),(366,9,4,1,NULL,NULL,'2023-12-09','2023-12-14 13:42:10','2023-12-14 13:42:10',2),(367,12,4,1,NULL,NULL,'2023-12-09','2023-12-14 13:42:28','2023-12-14 13:42:28',2),(368,40,3,1,NULL,NULL,'2023-12-09','2023-12-14 13:42:49','2023-12-14 13:42:49',2),(369,7,3,1,NULL,NULL,'2023-12-09','2023-12-14 13:43:06','2023-12-14 13:43:06',2),(370,16,3,NULL,5,NULL,'2023-12-09','2023-12-14 13:43:44','2023-12-14 13:43:44',2),(371,47,4,NULL,2,NULL,'2023-12-09','2023-12-14 13:44:32','2023-12-14 13:44:32',2),(372,1,4,3,NULL,NULL,'2023-12-17','2023-12-18 12:17:42','2023-12-18 12:17:42',2),(373,8,4,1,NULL,NULL,'2023-12-17','2023-12-18 12:18:01','2023-12-18 12:18:01',2),(374,11,3,1,NULL,NULL,'2023-12-17','2023-12-18 12:18:16','2023-12-18 12:18:16',2),(375,19,3,1,NULL,NULL,'2023-12-17','2023-12-18 12:18:32','2023-12-18 12:18:32',2),(376,27,3,1,NULL,NULL,'2023-12-17','2023-12-18 12:18:48','2023-12-18 12:18:48',2),(377,17,4,NULL,3,NULL,'2023-12-17','2023-12-18 12:19:14','2023-12-18 12:19:14',2),(378,3,3,NULL,4,NULL,'2023-12-17','2023-12-18 12:19:33','2023-12-18 12:19:33',2),(379,6,4,1,NULL,NULL,'2023-12-23','2023-12-27 14:22:19','2023-12-27 14:22:19',2),(380,19,4,1,NULL,NULL,'2023-12-23','2023-12-27 14:22:35','2023-12-27 14:22:35',2),(381,1,4,2,NULL,NULL,'2023-12-23','2023-12-27 14:22:50','2023-12-27 14:22:50',2),(382,5,3,1,NULL,NULL,'2023-12-23','2023-12-27 14:23:18','2023-12-27 14:23:18',2),(383,27,3,1,NULL,NULL,'2023-12-23','2023-12-27 14:23:42','2023-12-27 14:23:42',2),(384,42,3,2,NULL,NULL,'2023-12-23','2023-12-27 14:24:05','2023-12-27 14:24:05',2),(385,8,4,NULL,4,NULL,'2023-12-23','2023-12-27 14:24:21','2023-12-27 14:24:21',2),(386,17,3,NULL,4,NULL,'2023-12-23','2023-12-27 14:24:42','2023-12-27 14:24:42',2),(387,2,4,1,NULL,NULL,'2023-12-30','2024-01-04 01:02:35','2024-01-04 01:02:35',2),(388,14,4,1,NULL,NULL,'2023-12-30','2024-01-04 01:03:03','2024-01-04 01:03:03',2),(389,7,4,1,NULL,NULL,'2023-12-30','2024-01-04 01:03:29','2024-01-04 01:03:29',2),(390,48,4,1,NULL,NULL,'2023-12-30','2024-01-04 01:04:05','2024-01-04 01:04:05',2),(391,40,3,1,NULL,NULL,'2023-12-30','2024-01-04 01:04:36','2024-01-04 01:04:36',2),(392,13,3,1,NULL,NULL,'2023-12-30','2024-01-04 01:04:52','2024-01-04 01:04:52',2),(393,16,3,NULL,4,NULL,'2023-12-30','2024-01-04 01:05:17','2024-01-04 01:06:08',2),(394,17,4,NULL,2,NULL,'2023-12-30','2024-01-04 01:05:48','2024-01-04 01:05:48',2),(395,1,4,2,NULL,NULL,'2024-01-07','2024-01-08 16:51:21','2024-01-08 16:51:21',2),(396,2,4,1,NULL,NULL,'2024-01-07','2024-01-08 16:51:38','2024-01-08 16:51:38',2),(397,15,4,1,NULL,NULL,'2024-01-07','2024-01-08 16:52:00','2024-01-08 16:52:00',2),(398,5,4,1,NULL,NULL,'2024-01-07','2024-01-08 16:52:34','2024-01-08 16:52:34',2),(399,9,3,1,2,NULL,'2024-01-07','2024-01-08 16:52:50','2024-01-08 16:53:26',2),(400,10,3,1,NULL,NULL,'2024-01-07','2024-01-08 16:53:48','2024-01-08 16:53:48',2),(401,42,3,1,NULL,NULL,'2024-01-07','2024-01-08 16:54:05','2024-01-08 16:54:05',2),(402,16,4,NULL,3,NULL,'2024-01-07','2024-01-08 16:54:35','2024-01-08 16:54:35',2),(403,3,3,NULL,3,NULL,'2024-01-07','2024-01-08 16:54:50','2024-01-08 16:54:50',2),(404,42,3,1,NULL,NULL,'2024-01-14','2024-01-15 12:29:26','2024-01-15 12:29:26',2),(405,40,3,1,NULL,NULL,'2024-01-14','2024-01-15 12:29:40','2024-01-15 12:29:40',2),(406,49,4,2,NULL,NULL,'2024-01-14','2024-01-15 12:30:14','2024-01-15 12:30:14',2),(407,1,4,1,NULL,NULL,'2024-01-14','2024-01-15 12:30:36','2024-01-15 12:30:36',2),(408,14,4,1,NULL,NULL,'2024-01-14','2024-01-15 12:31:09','2024-01-15 12:31:09',2),(409,15,4,1,NULL,NULL,'2024-01-14','2024-01-15 12:31:30','2024-01-15 12:31:30',2),(410,9,4,1,NULL,NULL,'2024-01-14','2024-01-15 12:31:46','2024-01-15 12:31:46',2),(411,16,4,NULL,2,NULL,'2024-01-14','2024-01-15 12:32:49','2024-01-15 12:32:49',2),(412,17,3,NULL,6,NULL,'2024-01-14','2024-01-15 12:33:16','2024-01-15 12:33:16',2),(413,3,3,1,NULL,NULL,'2024-01-21','2024-01-24 11:53:23','2024-01-24 11:53:23',2),(414,19,3,1,NULL,NULL,'2024-01-21','2024-01-24 11:53:50','2024-01-24 11:53:50',2),(415,12,3,3,NULL,NULL,'2024-01-21','2024-01-24 11:54:59','2024-01-24 11:54:59',2),(416,42,4,2,NULL,NULL,'2024-01-21','2024-01-24 11:55:33','2024-01-24 11:55:33',2),(417,16,3,NULL,2,NULL,'2024-01-21','2024-01-24 12:05:30','2024-01-24 12:05:30',2),(418,9,4,NULL,1,NULL,'2024-01-21','2024-01-24 12:05:53','2024-01-24 12:11:31',2),(419,8,4,NULL,4,NULL,'2024-01-21','2024-01-24 12:06:17','2024-01-24 12:06:17',2),(420,15,4,3,NULL,NULL,'2024-01-28','2024-01-29 12:21:18','2024-01-29 12:21:18',2),(421,9,4,1,NULL,NULL,'2024-01-28','2024-01-29 12:21:44','2024-01-29 12:21:44',2),(422,6,4,1,NULL,NULL,'2024-01-28','2024-01-29 12:22:14','2024-01-29 12:22:14',2),(423,50,4,1,NULL,NULL,'2024-01-28','2024-01-29 12:23:26','2024-01-29 12:23:26',2),(424,49,3,1,NULL,NULL,'2024-01-28','2024-01-29 12:24:01','2024-01-29 12:24:01',2),(425,4,3,1,NULL,NULL,'2024-01-28','2024-01-29 12:24:21','2024-01-29 12:24:21',2),(426,40,3,1,NULL,NULL,'2024-01-28','2024-01-29 12:24:47','2024-01-29 12:24:47',2),(427,1,3,1,NULL,NULL,'2024-01-28','2024-01-29 12:25:06','2024-01-29 12:25:06',2),(428,16,3,NULL,6,NULL,'2024-01-28','2024-01-29 12:25:33','2024-01-29 12:25:33',2),(429,17,4,NULL,4,NULL,'2024-01-28','2024-01-29 12:25:54','2024-01-29 12:25:54',2),(430,8,4,2,NULL,NULL,'2024-02-04','2024-02-07 16:07:47','2024-02-07 16:07:47',2),(431,10,4,1,NULL,NULL,'2024-02-04','2024-02-07 16:08:04','2024-02-07 16:08:04',2),(432,11,3,1,NULL,NULL,'2024-02-04','2024-02-07 16:08:18','2024-02-07 16:08:18',2),(433,49,3,1,NULL,NULL,'2024-02-04','2024-02-07 16:08:35','2024-02-07 16:08:35',2),(434,50,3,1,NULL,NULL,'2024-02-04','2024-02-07 16:08:49','2024-02-07 16:08:49',2),(435,16,3,NULL,3,NULL,'2024-02-04','2024-02-07 16:09:09','2024-02-07 16:09:09',2),(436,17,4,NULL,3,NULL,'2024-02-04','2024-02-07 16:09:24','2024-02-07 16:09:24',2),(437,1,4,2,NULL,NULL,'2024-02-11','2024-02-14 11:13:07','2024-02-14 11:13:07',2),(438,8,4,1,NULL,NULL,'2024-02-11','2024-02-14 11:13:25','2024-02-14 11:13:25',2),(439,12,4,1,NULL,NULL,'2024-02-11','2024-02-14 11:13:38','2024-02-14 11:13:38',2),(440,2,3,1,NULL,NULL,'2024-02-11','2024-02-14 11:13:54','2024-02-14 11:13:54',2),(441,51,3,1,NULL,NULL,'2024-02-11','2024-02-14 11:14:38','2024-02-14 11:14:38',2),(442,40,3,2,NULL,NULL,'2024-02-11','2024-02-14 11:14:53','2024-02-14 11:14:53',2),(443,16,4,NULL,4,NULL,'2024-02-11','2024-02-14 11:15:12','2024-02-14 11:15:12',2),(444,17,3,NULL,4,NULL,'2024-02-11','2024-02-14 11:16:17','2024-02-14 11:16:17',2),(445,1,4,2,NULL,NULL,'2024-02-18','2024-02-18 19:41:38','2024-02-18 19:41:38',2),(446,8,4,2,NULL,NULL,'2024-02-18','2024-02-18 19:41:59','2024-02-18 19:41:59',2),(447,42,4,2,NULL,NULL,'2024-02-18','2024-02-18 19:42:16','2024-02-18 19:42:16',2),(448,19,4,1,NULL,NULL,'2024-02-18','2024-02-18 19:42:34','2024-02-18 19:42:34',2),(449,49,3,1,NULL,NULL,'2024-02-18','2024-02-18 19:42:52','2024-02-18 19:42:52',2),(450,51,3,1,NULL,NULL,'2024-02-18','2024-02-18 19:43:10','2024-02-18 19:43:10',2),(451,6,3,2,NULL,NULL,'2024-02-18','2024-02-18 19:43:59','2024-02-18 19:43:59',2),(452,10,3,1,NULL,NULL,'2024-02-18','2024-02-18 19:44:21','2024-02-18 19:44:21',2),(453,52,3,1,NULL,NULL,'2024-02-18','2024-02-18 19:44:49','2024-02-18 19:44:49',2),(454,17,3,NULL,7,NULL,'2024-02-18','2024-02-18 19:45:06','2024-02-18 19:45:06',2),(455,18,4,NULL,6,NULL,'2024-02-18','2024-02-18 19:45:20','2024-02-18 19:45:20',2),(456,9,4,1,NULL,NULL,'2024-02-25','2024-02-26 11:57:25','2024-02-26 11:57:25',2),(457,42,4,1,NULL,NULL,'2024-02-25','2024-02-26 11:58:47','2024-02-26 11:58:47',2),(458,49,4,1,NULL,NULL,'2024-02-25','2024-02-26 11:59:22','2024-02-26 11:59:22',2),(459,51,4,1,NULL,NULL,'2024-02-25','2024-02-26 11:59:44','2024-02-26 11:59:44',2),(460,40,4,1,NULL,NULL,'2024-02-25','2024-02-26 12:00:04','2024-02-26 12:00:04',2),(461,2,4,1,NULL,NULL,'2024-02-25','2024-02-26 12:00:26','2024-02-26 12:00:26',2),(462,12,3,1,NULL,NULL,'2024-02-25','2024-02-26 12:01:00','2024-02-26 12:01:00',2),(463,10,3,1,NULL,NULL,'2024-02-25','2024-02-26 12:01:29','2024-02-26 12:01:29',2),(464,52,3,1,NULL,NULL,'2024-02-25','2024-02-26 12:01:59','2024-02-26 12:01:59',2),(465,8,3,2,NULL,NULL,'2024-02-25','2024-02-26 12:02:21','2024-02-26 12:02:21',2),(466,50,3,1,NULL,NULL,'2024-02-25','2024-02-26 12:02:55','2024-02-26 12:02:55',2),(467,16,3,NULL,6,NULL,'2024-02-25','2024-02-26 12:03:31','2024-02-26 12:03:31',2),(468,18,4,NULL,6,NULL,'2024-02-25','2024-02-26 12:03:55','2024-02-26 12:03:55',2),(469,1,3,2,NULL,NULL,'2024-03-03','2024-03-04 19:47:52','2024-03-04 19:47:52',2),(470,32,3,1,NULL,NULL,'2024-03-03','2024-03-04 19:48:29','2024-03-04 19:48:29',2),(471,52,3,1,NULL,NULL,'2024-03-03','2024-03-04 19:50:06','2024-03-04 19:50:06',2),(472,37,3,NULL,NULL,1,'2024-03-03','2024-03-04 19:50:06','2024-03-04 19:50:06',2),(473,15,4,2,NULL,NULL,'2024-03-03','2024-03-04 19:56:50','2024-03-04 19:56:50',2),(474,42,4,1,NULL,NULL,'2024-03-03','2024-03-04 19:57:35','2024-03-04 19:57:35',2),(475,40,4,1,NULL,NULL,'2024-03-03','2024-03-04 19:57:55','2024-03-04 19:57:55',2),(476,35,4,NULL,NULL,1,'2024-03-03','2024-03-04 19:57:55','2024-03-04 19:57:55',2),(477,64,4,1,NULL,NULL,'2024-03-03','2024-03-04 19:57:55','2024-03-04 19:57:55',2),(478,17,3,NULL,6,NULL,'2024-03-03','2024-03-04 20:42:59','2024-03-04 20:42:59',2),(479,18,4,NULL,5,NULL,'2024-03-03','2024-03-04 20:43:15','2024-03-04 20:43:15',2),(480,1,3,3,NULL,NULL,'2024-03-10','2024-03-13 12:21:55','2024-03-13 12:21:55',2),(481,42,3,1,NULL,NULL,'2024-03-10','2024-03-13 12:22:16','2024-03-13 12:22:16',2),(482,64,3,1,NULL,NULL,'2024-03-10','2024-03-13 12:22:37','2024-03-13 12:22:37',2),(483,8,3,1,NULL,NULL,'2024-03-10','2024-03-13 12:22:54','2024-03-13 12:22:54',2),(484,10,3,1,NULL,NULL,'2024-03-10','2024-03-13 12:23:20','2024-03-13 12:23:20',2),(485,19,4,1,NULL,NULL,'2024-03-10','2024-03-13 12:24:16','2024-03-13 12:24:16',2),(486,50,4,1,NULL,NULL,'2024-03-10','2024-03-13 12:24:33','2024-03-13 12:24:33',2),(487,32,4,1,NULL,NULL,'2024-03-10','2024-03-13 12:24:53','2024-03-13 12:24:53',2),(488,7,4,2,NULL,NULL,'2024-03-10','2024-03-13 12:25:09','2024-03-13 12:25:09',2),(489,16,3,NULL,5,NULL,'2024-03-10','2024-03-13 12:25:34','2024-03-13 12:25:34',2),(490,18,4,NULL,7,NULL,'2024-03-10','2024-03-13 12:26:02','2024-03-13 12:26:02',2),(491,11,3,1,NULL,NULL,'2024-03-17','2024-03-20 10:53:02','2024-03-20 10:53:02',2),(492,10,3,1,NULL,NULL,'2024-03-17','2024-03-20 10:53:26','2024-03-20 10:53:26',2),(493,1,3,1,NULL,NULL,'2024-03-17','2024-03-20 10:53:42','2024-03-20 10:53:42',2),(494,42,3,2,NULL,NULL,'2024-03-17','2024-03-20 10:53:57','2024-03-20 10:53:57',2),(495,8,4,1,NULL,NULL,'2024-03-17','2024-03-20 10:54:13','2024-03-20 10:54:13',2),(496,7,4,1,NULL,NULL,'2024-03-17','2024-03-20 10:54:31','2024-03-20 10:54:31',2),(497,51,4,1,NULL,NULL,'2024-03-17','2024-03-20 10:54:47','2024-03-20 10:54:47',2),(498,16,3,NULL,3,NULL,'2024-03-17','2024-03-20 10:55:05','2024-03-20 10:55:05',2),(499,18,4,NULL,4,NULL,'2024-03-17','2024-03-20 10:55:27','2024-03-20 10:55:27',2),(500,67,4,NULL,1,NULL,'2024-03-17','2024-03-20 10:55:27','2024-03-20 10:55:27',2),(501,1,3,1,NULL,NULL,'2024-03-24','2024-03-26 15:40:19','2024-03-26 15:40:19',2),(502,11,3,1,NULL,NULL,'2024-03-24','2024-03-26 15:40:32','2024-03-26 15:40:32',2),(503,32,4,1,NULL,NULL,'2024-03-24','2024-03-26 15:41:01','2024-03-26 15:41:01',2),(504,30,4,1,NULL,NULL,'2024-03-24','2024-03-26 15:41:16','2024-03-26 15:41:16',2),(505,16,3,NULL,2,NULL,'2024-03-24','2024-03-26 15:42:17','2024-03-26 15:42:17',2),(506,18,4,NULL,2,NULL,'2024-03-24','2024-03-26 15:43:15','2024-03-26 15:43:15',2),(507,1,4,1,NULL,NULL,'2024-03-31','2024-04-01 12:41:32','2024-04-01 12:41:32',2),(508,42,4,2,NULL,NULL,'2024-03-31','2024-04-01 12:41:53','2024-04-01 12:41:53',2),(509,11,3,1,NULL,NULL,'2024-03-31','2024-04-01 12:42:16','2024-04-01 12:42:16',2),(510,51,3,2,NULL,NULL,'2024-03-31','2024-04-01 12:42:51','2024-04-01 12:42:51',2),(511,16,4,NULL,4,NULL,'2024-03-31','2024-04-01 12:43:17','2024-04-01 12:43:17',2),(512,17,3,NULL,3,NULL,'2024-03-31','2024-04-01 12:43:46','2024-04-01 12:43:46',2),(513,68,3,1,NULL,NULL,'2024-03-31','2024-04-01 12:43:46','2024-04-01 12:43:46',2),(514,1,3,2,NULL,NULL,'2024-04-07','2024-04-08 14:36:05','2024-04-08 14:36:05',2),(515,6,3,1,NULL,NULL,'2024-04-07','2024-04-08 14:36:25','2024-04-08 14:36:25',2),(516,3,3,1,NULL,NULL,'2024-04-07','2024-04-08 14:36:43','2024-04-08 14:36:43',2),(517,10,3,1,NULL,NULL,'2024-04-07','2024-04-08 14:37:04','2024-04-08 14:37:04',2),(518,19,4,3,NULL,NULL,'2024-04-07','2024-04-08 14:37:22','2024-04-08 14:37:22',2),(519,12,4,1,NULL,NULL,'2024-04-07','2024-04-08 14:37:41','2024-04-08 14:37:41',2),(520,64,4,1,NULL,NULL,'2024-04-07','2024-04-08 14:38:00','2024-04-08 14:38:00',2),(521,18,4,NULL,5,NULL,'2024-04-07','2024-04-08 14:38:38','2024-04-08 14:38:38',2),(522,17,3,NULL,3,NULL,'2024-04-07','2024-04-08 14:39:05','2024-04-08 14:39:05',2),(523,67,3,NULL,2,NULL,'2024-04-07','2024-04-08 14:39:26','2024-04-08 14:39:26',2),(524,1,4,1,NULL,NULL,'2024-04-14','2024-04-14 17:54:59','2024-04-14 17:54:59',2),(525,42,4,1,NULL,NULL,'2024-04-14','2024-04-14 17:55:19','2024-04-14 17:55:19',2),(526,32,4,2,NULL,NULL,'2024-04-14','2024-04-14 17:55:41','2024-04-14 17:55:41',2),(527,3,4,1,4,NULL,'2024-04-14','2024-04-14 17:56:12','2024-04-14 18:01:40',2),(528,5,4,1,NULL,NULL,'2024-04-14','2024-04-14 17:56:34','2024-04-14 17:56:34',2),(529,8,3,2,NULL,NULL,'2024-04-14','2024-04-14 17:56:59','2024-04-14 17:56:59',2),(530,12,3,2,NULL,NULL,'2024-04-14','2024-04-14 17:57:18','2024-04-14 17:57:18',2),(531,17,3,NULL,6,NULL,'2024-04-14','2024-04-14 17:59:03','2024-04-14 17:59:03',2),(532,64,3,3,NULL,NULL,'2024-04-21','2024-04-23 21:37:54','2024-04-23 21:37:54',2),(533,32,3,2,NULL,NULL,'2024-04-21','2024-04-23 21:38:11','2024-04-23 21:38:11',2),(534,3,3,1,NULL,NULL,'2024-04-21','2024-04-23 21:38:37','2024-04-23 21:38:37',2),(535,19,3,1,NULL,NULL,'2024-04-21','2024-04-23 21:38:55','2024-04-23 21:38:55',2),(536,61,4,1,NULL,NULL,'2024-04-21','2024-04-23 21:38:55','2024-04-23 21:38:55',2),(537,8,4,1,NULL,NULL,'2024-04-21','2024-04-23 21:45:43','2024-04-23 21:45:43',2),(538,17,3,NULL,2,NULL,'2024-04-21','2024-04-23 21:46:03','2024-04-23 21:46:03',2),(539,16,4,NULL,7,NULL,'2024-04-21','2024-04-23 21:46:18','2024-04-23 21:46:18',2),(540,42,4,5,NULL,NULL,'2024-04-27','2024-04-29 11:22:09','2024-04-29 11:22:09',2),(541,32,4,1,NULL,NULL,'2024-04-27','2024-04-29 11:22:39','2024-04-29 11:22:39',2),(542,12,4,1,NULL,NULL,'2024-04-27','2024-04-29 11:22:55','2024-04-29 11:22:55',2),(543,9,4,1,NULL,NULL,'2024-04-27','2024-04-29 11:23:10','2024-04-29 11:23:10',2),(544,51,4,2,NULL,NULL,'2024-04-27','2024-04-29 11:23:28','2024-04-29 11:23:28',2),(545,3,4,1,NULL,NULL,'2024-04-27','2024-04-29 11:23:45','2024-04-29 11:31:22',2),(546,1,3,1,NULL,NULL,'2024-04-27','2024-04-29 11:24:01','2024-04-29 11:24:01',2),(547,5,3,1,NULL,NULL,'2024-04-27','2024-04-29 11:24:31','2024-04-29 11:24:31',2),(548,41,3,1,NULL,NULL,'2024-04-27','2024-04-29 11:24:48','2024-04-29 11:24:48',2),(549,16,4,NULL,3,NULL,'2024-04-27','2024-04-29 11:25:13','2024-04-29 11:25:13',2),(550,17,3,NULL,7,NULL,'2024-04-27','2024-04-29 11:25:44','2024-04-29 11:25:44',2),(551,18,3,NULL,5,NULL,'2024-04-27','2024-04-29 11:26:01','2024-04-29 11:26:01',2),(552,62,4,1,NULL,NULL,'2024-04-27','2024-04-29 11:26:01','2024-04-29 11:26:01',2),(553,1,3,3,NULL,NULL,'2024-05-05','2024-05-05 14:51:05','2024-05-05 14:51:05',2),(554,32,4,1,NULL,NULL,'2024-05-05','2024-05-05 14:51:26','2024-05-05 14:51:26',2),(555,28,4,1,NULL,NULL,'2024-05-05','2024-05-05 14:51:47','2024-05-05 14:51:47',2),(556,41,4,1,NULL,NULL,'2024-05-05','2024-05-05 14:52:06','2024-05-05 14:52:06',2),(557,55,4,1,NULL,NULL,'2024-05-05','2024-05-05 14:52:06','2024-05-05 14:52:06',2),(558,17,4,NULL,2,NULL,'2024-05-05','2024-05-05 14:53:52','2024-05-05 14:53:52',2),(559,67,4,NULL,1,NULL,'2024-05-05','2024-05-05 14:54:10','2024-05-05 14:54:10',2),(560,16,3,NULL,4,NULL,'2024-05-05','2024-05-05 14:54:31','2024-05-05 14:54:31',2),(561,1,3,3,NULL,NULL,'2024-05-12','2024-05-15 10:23:06','2024-05-15 10:23:06',2),(562,55,3,1,NULL,NULL,'2024-05-12','2024-05-15 10:24:20','2024-05-15 10:35:23',2),(563,28,3,1,NULL,NULL,'2024-05-12','2024-05-15 10:24:40','2024-05-15 10:34:24',2),(564,64,3,1,NULL,NULL,'2024-05-12','2024-05-15 10:25:13','2024-05-15 10:34:05',2),(565,32,4,2,NULL,NULL,'2024-05-12','2024-05-15 10:29:07','2024-05-15 10:29:07',2),(566,9,4,2,NULL,NULL,'2024-05-12','2024-05-15 10:29:25','2024-05-15 10:29:25',2),(567,51,4,2,NULL,NULL,'2024-05-12','2024-05-15 10:29:41','2024-05-15 10:29:41',2),(568,34,4,1,NULL,NULL,'2024-05-12','2024-05-15 10:30:03','2024-05-15 10:30:03',2),(569,16,3,NULL,8,NULL,'2024-05-12','2024-05-15 10:31:07','2024-05-15 10:31:07',2),(570,47,4,NULL,2,NULL,'2024-05-12','2024-05-15 10:31:56','2024-05-15 10:31:56',2),(571,18,4,NULL,4,NULL,'2024-05-12','2024-05-15 10:32:49','2024-05-15 10:32:49',2),(572,5,4,1,NULL,NULL,'2024-05-12','2024-05-15 11:14:59','2024-05-15 11:14:59',2),(573,32,3,3,NULL,NULL,'2024-05-19','2024-05-20 11:57:20','2024-05-20 11:57:20',2),(574,52,3,2,NULL,NULL,'2024-05-19','2024-05-20 11:57:59','2024-05-20 11:57:59',2),(575,19,3,1,NULL,NULL,'2024-05-19','2024-05-20 11:58:18','2024-05-20 11:58:18',2),(576,42,4,2,NULL,NULL,'2024-05-19','2024-05-20 11:59:57','2024-05-20 11:59:57',2),(577,1,4,1,NULL,NULL,'2024-05-19','2024-05-20 12:00:17','2024-05-20 12:00:17',2),(578,8,4,1,NULL,NULL,'2024-05-19','2024-05-20 12:00:32','2024-05-20 12:00:32',2),(579,16,4,NULL,6,NULL,'2024-05-19','2024-05-20 12:01:16','2024-05-20 12:01:16',2),(580,67,3,NULL,4,NULL,'2024-05-19','2024-05-20 12:01:31','2024-05-20 12:01:31',2),(581,19,4,3,NULL,NULL,'2024-05-26','2024-05-31 11:23:35','2024-05-31 11:23:35',2),(582,12,4,2,NULL,NULL,'2024-05-26','2024-05-31 11:23:58','2024-05-31 11:23:58',2),(583,1,4,1,NULL,NULL,'2024-05-26','2024-05-31 11:24:11','2024-05-31 11:24:11',2),(584,2,4,1,NULL,NULL,'2024-05-26','2024-05-31 11:24:29','2024-05-31 11:24:29',2),(585,13,4,1,NULL,NULL,'2024-05-26','2024-05-31 11:24:49','2024-05-31 11:24:49',2),(586,42,3,3,NULL,NULL,'2024-05-26','2024-05-31 11:25:04','2024-05-31 11:25:04',2),(587,32,3,2,NULL,NULL,'2024-05-26','2024-05-31 11:25:21','2024-05-31 11:25:21',2),(588,16,4,NULL,5,NULL,'2024-05-26','2024-05-31 11:25:45','2024-05-31 11:25:45',2),(589,18,3,NULL,8,NULL,'2024-05-26','2024-05-31 11:26:02','2024-05-31 11:26:02',2),(590,1,3,1,NULL,NULL,'2024-06-02','2024-06-02 14:32:55','2024-06-02 14:32:55',2),(591,11,3,2,NULL,NULL,'2024-06-02','2024-06-02 14:33:28','2024-06-02 14:33:28',2),(592,3,3,1,NULL,NULL,'2024-06-02','2024-06-02 14:34:01','2024-06-02 14:34:01',2),(593,50,3,1,NULL,NULL,'2024-06-02','2024-06-02 14:34:19','2024-06-02 14:34:19',2),(594,12,4,1,NULL,NULL,'2024-06-02','2024-06-02 14:35:18','2024-06-02 14:35:18',2),(595,10,4,1,NULL,NULL,'2024-06-02','2024-06-02 14:35:36','2024-06-02 14:35:36',2),(596,42,4,2,NULL,NULL,'2024-06-02','2024-06-02 14:39:05','2024-06-02 14:39:05',2),(597,9,3,NULL,2,NULL,'2024-06-02','2024-06-02 14:39:22','2024-06-02 14:39:22',2),(598,3,3,NULL,2,NULL,'2024-06-02','2024-06-02 14:39:35','2024-06-02 14:39:35',2),(599,16,4,NULL,5,NULL,'2024-06-02','2024-06-02 14:39:52','2024-06-02 14:39:52',2),(600,1,4,3,NULL,NULL,'2024-06-09','2024-06-12 10:50:39','2024-06-12 10:50:39',2),(601,72,4,2,NULL,NULL,'2024-06-09','2024-06-12 10:50:39','2024-06-12 10:50:39',2),(602,3,4,1,NULL,NULL,'2024-06-09','2024-06-12 10:55:42','2024-06-12 10:55:42',2),(603,51,4,1,NULL,NULL,'2024-06-09','2024-06-12 10:56:09','2024-06-12 10:56:09',2),(604,2,4,2,NULL,NULL,'2024-06-09','2024-06-12 10:56:36','2024-06-12 10:56:36',2),(605,16,4,1,8,NULL,'2024-06-09','2024-06-12 10:57:20','2024-06-12 10:57:20',2),(606,53,4,NULL,NULL,1,'2024-06-09','2024-06-12 10:57:20','2024-06-12 10:57:20',2),(607,8,3,2,NULL,NULL,'2024-06-09','2024-06-12 11:02:36','2024-06-12 11:02:36',2),(608,52,3,1,NULL,NULL,'2024-06-09','2024-06-12 11:03:03','2024-06-12 11:03:03',2),(609,66,3,2,NULL,NULL,'2024-06-09','2024-06-12 11:03:03','2024-06-12 11:03:03',2),(610,42,3,3,NULL,NULL,'2024-06-09','2024-06-12 11:05:27','2024-06-12 11:05:27',2),(611,34,3,NULL,11,NULL,'2024-06-09','2024-06-12 11:05:49','2024-06-12 11:05:49',2),(612,2,4,2,NULL,NULL,'2024-06-16','2024-06-19 10:40:53','2024-06-19 10:40:53',2),(613,50,4,1,NULL,NULL,'2024-06-16','2024-06-19 10:41:18','2024-06-19 10:41:18',2),(614,10,4,1,NULL,NULL,'2024-06-16','2024-06-19 10:41:46','2024-06-19 10:41:46',2),(615,64,4,2,NULL,NULL,'2024-06-16','2024-06-19 10:42:22','2024-06-19 10:42:22',2),(616,19,4,1,NULL,NULL,'2024-06-16','2024-06-19 10:42:39','2024-06-19 10:42:39',2),(617,52,3,NULL,NULL,1,'2024-06-16','2024-06-19 10:42:39','2024-06-19 10:42:39',2),(618,16,3,NULL,7,NULL,'2024-06-16','2024-06-19 10:46:00','2024-06-19 10:46:00',2),(619,18,4,NULL,1,NULL,'2024-06-16','2024-06-19 10:46:22','2024-06-19 10:46:22',2),(620,42,3,3,NULL,NULL,'2024-06-23','2024-06-24 01:15:22','2024-06-24 01:15:22',2),(621,2,3,1,NULL,NULL,'2024-06-23','2024-06-24 01:15:40','2024-06-24 01:15:40',2),(622,46,3,1,NULL,NULL,'2024-06-23','2024-06-24 01:16:09','2024-06-24 01:16:09',2),(623,1,4,1,NULL,NULL,'2024-06-23','2024-06-24 01:16:44','2024-06-24 01:16:44',2),(624,69,4,1,NULL,NULL,'2024-06-23','2024-06-24 01:16:44','2024-06-24 01:16:44',2),(625,54,4,1,NULL,NULL,'2024-06-23','2024-06-24 01:16:44','2024-06-24 01:16:44',2),(626,18,4,NULL,4,NULL,'2024-06-23','2024-06-24 01:22:18','2024-06-24 01:22:18',2),(627,67,4,NULL,1,NULL,'2024-06-23','2024-06-24 01:22:35','2024-06-24 01:22:35',2),(628,47,3,NULL,2,NULL,'2024-06-23','2024-06-24 01:22:57','2024-06-24 01:22:57',2),(629,34,4,NULL,1,NULL,'2024-06-23','2024-06-24 01:23:25','2024-06-24 01:23:25',2),(630,42,4,1,NULL,NULL,'2024-06-30','2024-07-01 12:34:23','2024-07-01 12:34:23',2),(631,8,4,1,NULL,NULL,'2024-06-30','2024-07-01 12:34:42','2024-07-29 12:11:22',2),(632,10,4,1,NULL,NULL,'2024-06-30','2024-07-01 12:34:57','2024-07-01 12:34:57',2),(633,1,3,1,NULL,NULL,'2024-06-30','2024-07-01 12:35:17','2024-07-01 12:35:17',2),(634,9,3,1,NULL,NULL,'2024-06-30','2024-07-01 12:35:31','2024-07-01 12:35:31',2),(635,47,4,NULL,2,NULL,'2024-06-30','2024-07-01 12:36:12','2024-07-01 12:36:12',2),(636,16,3,NULL,3,NULL,'2024-06-30','2024-07-01 12:36:29','2024-07-01 12:36:29',2),(637,64,3,1,NULL,NULL,'2024-07-07','2024-07-08 11:28:41','2024-07-08 11:28:41',3),(638,19,3,1,NULL,NULL,'2024-07-07','2024-07-08 11:29:57','2024-07-08 11:29:57',3),(639,1,3,1,NULL,NULL,'2024-07-07','2024-07-08 11:30:22','2024-07-08 11:30:22',3),(640,51,4,1,NULL,NULL,'2024-07-07','2024-07-08 11:30:45','2024-07-08 11:30:45',3),(641,46,4,NULL,1,NULL,'2024-07-07','2024-07-08 11:31:33','2024-07-08 11:31:33',3),(642,3,4,NULL,2,NULL,'2024-07-07','2024-07-08 11:32:00','2024-07-08 11:32:00',3),(643,52,3,NULL,1,NULL,'2024-07-07','2024-07-08 11:32:25','2024-07-08 11:33:18',3),(644,19,4,5,NULL,NULL,'2024-07-14','2024-07-17 11:43:14','2024-07-17 11:43:14',3),(645,1,4,3,NULL,NULL,'2024-07-14','2024-07-17 11:43:32','2024-07-17 11:43:32',3),(646,11,3,1,NULL,NULL,'2024-07-14','2024-07-17 11:44:08','2024-07-17 11:44:08',3),(647,6,3,1,NULL,NULL,'2024-07-14','2024-07-17 11:44:36','2024-07-17 11:44:36',3),(648,13,3,1,NULL,NULL,'2024-07-14','2024-07-17 11:45:07','2024-07-17 11:45:07',3),(649,42,3,3,NULL,NULL,'2024-07-14','2024-07-17 11:45:32','2024-07-17 11:45:32',3),(650,16,3,NULL,8,NULL,'2024-07-14','2024-07-17 11:46:13','2024-07-17 11:46:13',3),(651,52,4,NULL,2,NULL,'2024-07-14','2024-07-17 11:46:42','2024-07-17 11:46:42',3),(652,3,4,NULL,4,NULL,'2024-07-14','2024-07-17 11:47:11','2024-07-17 11:47:11',3),(653,9,3,3,NULL,NULL,'2024-07-21','2024-07-24 12:06:29','2024-07-24 12:06:29',3),(654,1,3,3,NULL,NULL,'2024-07-21','2024-07-24 12:06:47','2024-07-24 12:06:47',3),(655,15,3,2,NULL,NULL,'2024-07-21','2024-07-24 12:07:20','2024-07-24 12:07:20',3),(656,2,3,1,NULL,NULL,'2024-07-21','2024-07-24 12:07:49','2024-07-24 12:07:49',3),(657,35,3,1,NULL,NULL,'2024-07-21','2024-07-24 12:08:12','2024-07-24 12:08:12',3),(658,19,4,1,NULL,NULL,'2024-07-21','2024-07-24 12:08:27','2024-07-24 12:08:27',3),(659,3,4,1,NULL,NULL,'2024-07-21','2024-07-24 12:08:43','2024-07-24 12:08:43',3),(660,42,4,1,NULL,NULL,'2024-07-21','2024-07-24 12:08:58','2024-07-24 12:08:58',3),(661,8,4,1,NULL,NULL,'2024-07-21','2024-07-24 12:09:22','2024-07-24 12:09:22',3),(662,54,4,NULL,NULL,1,'2024-07-21','2024-07-24 12:09:22','2024-07-24 12:09:22',3),(663,18,3,NULL,5,NULL,'2024-07-21','2024-07-24 12:12:48','2024-07-24 12:12:48',3),(664,16,4,NULL,10,NULL,'2024-07-21','2024-07-24 12:13:05','2024-07-24 12:13:05',3),(665,1,4,4,NULL,NULL,'2024-07-28','2024-07-29 12:09:25','2024-07-29 12:09:25',3),(666,8,4,2,1,NULL,'2024-07-28','2024-07-29 12:09:44','2024-07-29 12:17:59',3),(667,42,3,2,NULL,NULL,'2024-07-28','2024-07-29 12:10:01','2024-07-29 12:10:01',3),(668,19,3,1,NULL,NULL,'2024-07-28','2024-07-29 12:10:14','2024-07-29 12:10:14',3),(669,41,3,1,NULL,NULL,'2024-07-28','2024-07-29 12:10:40','2024-07-29 12:10:40',3),(670,16,3,NULL,6,NULL,'2024-07-28','2024-07-29 12:11:02','2024-07-29 12:11:02',3),(671,18,4,NULL,3,NULL,'2024-07-28','2024-07-29 12:11:56','2024-07-29 12:11:56',3),(672,1,4,2,NULL,NULL,'2024-08-04','2024-08-07 11:58:00','2024-08-07 11:58:00',3),(673,52,3,2,NULL,NULL,'2024-08-04','2024-08-07 11:58:23','2024-08-07 11:58:23',3),(674,11,3,1,NULL,NULL,'2024-08-04','2024-08-07 11:59:09','2024-08-07 11:59:09',3),(675,64,3,1,NULL,NULL,'2024-08-04','2024-08-07 11:59:22','2024-08-07 11:59:22',3),(676,10,3,NULL,NULL,1,'2024-08-04','2024-08-07 11:59:40','2024-08-07 11:59:40',3),(677,9,3,NULL,2,NULL,'2024-08-04','2024-08-07 12:02:36','2024-08-07 12:02:36',3),(678,16,4,NULL,5,NULL,'2024-08-04','2024-08-07 12:02:53','2024-08-07 12:02:53',3),(679,1,3,1,NULL,NULL,'2024-08-11','2024-08-12 01:05:39','2024-08-12 01:05:39',3),(680,42,3,2,NULL,NULL,'2024-08-11','2024-08-12 01:06:00','2024-08-12 01:06:00',3),(681,14,4,1,NULL,NULL,'2024-08-11','2024-08-12 01:07:00','2024-08-12 01:07:00',3),(682,69,4,1,NULL,NULL,'2024-08-11','2024-08-12 01:08:08','2024-08-12 01:08:08',3),(683,8,4,2,NULL,NULL,'2024-08-11','2024-08-12 01:08:33','2024-08-12 01:08:33',3),(684,15,4,1,NULL,NULL,'2024-08-11','2024-08-12 01:08:52','2024-08-12 01:08:52',3),(685,18,3,NULL,6,NULL,'2024-08-11','2024-08-12 01:09:35','2024-08-12 01:09:35',3),(686,16,4,NULL,3,NULL,'2024-08-11','2024-08-12 01:09:52','2024-08-12 01:09:52',3),(687,46,4,1,NULL,NULL,'2024-08-11','2024-08-12 01:10:33','2024-08-12 01:10:33',3),(688,52,4,1,NULL,NULL,'2024-08-18','2024-08-21 20:37:39','2024-08-21 20:37:39',3),(689,14,4,1,NULL,NULL,'2024-08-18','2024-08-21 20:37:55','2024-08-21 20:37:55',3),(690,35,4,NULL,NULL,1,'2024-08-18','2024-08-21 20:37:56','2024-08-21 20:37:56',3),(691,61,4,NULL,NULL,1,'2024-08-18','2024-08-21 20:37:57','2024-08-21 20:37:57',3),(692,38,3,NULL,NULL,1,'2024-08-18','2024-08-21 20:37:58','2024-08-21 20:37:58',3),(693,42,3,2,NULL,NULL,'2024-08-18','2024-08-21 20:43:19','2024-08-21 20:43:19',3),(694,51,3,1,NULL,NULL,'2024-08-18','2024-08-21 20:43:44','2024-08-21 20:43:44',3),(695,10,3,1,NULL,NULL,'2024-08-18','2024-08-21 20:45:47','2024-08-21 20:45:47',3),(696,16,4,NULL,5,NULL,'2024-08-18','2024-08-21 20:46:43','2024-08-21 20:46:43',3),(697,9,3,NULL,4,NULL,'2024-08-18','2024-08-21 20:47:20','2024-08-21 20:47:20',3),(698,1,3,2,NULL,NULL,'2024-08-25','2024-08-26 10:25:51','2024-08-26 10:25:51',3),(699,64,3,2,NULL,NULL,'2024-08-25','2024-08-26 10:26:38','2024-08-26 10:26:38',3),(700,3,3,1,NULL,NULL,'2024-08-25','2024-08-26 10:26:54','2024-08-26 10:26:54',3),(701,11,3,1,NULL,NULL,'2024-08-25','2024-08-26 10:27:50','2024-08-26 10:27:50',3),(702,52,3,1,NULL,NULL,'2024-08-25','2024-08-26 10:28:05','2024-08-26 10:28:05',3),(703,49,3,1,NULL,NULL,'2024-08-25','2024-08-26 10:28:49','2024-08-26 10:28:49',3),(704,46,4,1,5,NULL,'2024-08-25','2024-08-26 10:29:56','2024-08-26 10:31:46',3),(705,14,4,1,NULL,NULL,'2024-08-25','2024-08-26 10:30:10','2024-08-26 10:30:10',3),(706,19,4,1,NULL,NULL,'2024-08-25','2024-08-26 10:30:27','2024-08-26 10:30:27',3),(707,16,3,NULL,3,NULL,'2024-08-25','2024-08-26 10:30:49','2024-08-26 10:30:49',3),(708,8,4,NULL,3,NULL,'2024-08-25','2024-08-26 10:31:24','2024-08-26 10:31:24',3),(709,1,4,1,NULL,NULL,'2024-09-01','2024-09-02 17:54:15','2024-09-02 17:54:15',3),(710,19,4,3,NULL,NULL,'2024-09-01','2024-09-02 17:54:30','2024-09-02 17:54:30',3),(711,51,4,1,NULL,NULL,'2024-09-01','2024-09-02 17:54:54','2024-09-02 17:54:54',3),(712,9,4,1,3,NULL,'2024-09-01','2024-09-02 17:55:12','2024-09-02 18:01:26',3),(713,52,4,1,NULL,NULL,'2024-09-01','2024-09-02 17:55:46','2024-09-02 17:55:46',3),(714,57,4,NULL,NULL,1,'2024-09-01','2024-09-02 17:55:50','2024-09-02 17:55:50',3),(715,42,3,1,NULL,NULL,'2024-09-01','2024-09-02 17:57:56','2024-09-02 17:57:56',3),(716,50,3,1,NULL,NULL,'2024-09-01','2024-09-02 17:58:27','2024-09-02 17:58:27',3),(717,49,3,2,NULL,NULL,'2024-09-01','2024-09-02 17:58:54','2024-09-02 17:58:54',3),(718,16,3,NULL,8,NULL,'2024-09-01','2024-09-02 17:59:22','2024-09-02 17:59:22',3),(720,8,4,NULL,1,NULL,'2024-09-01','2024-09-02 18:01:44','2024-09-02 18:01:44',3),(721,51,4,1,NULL,NULL,'2024-09-07','2024-09-09 13:24:01','2024-09-09 13:24:01',3),(722,52,4,1,NULL,NULL,'2024-09-07','2024-09-09 13:24:18','2024-09-09 13:24:18',3),(723,57,4,NULL,NULL,1,'2024-09-07','2024-09-09 13:24:20','2024-09-09 13:24:20',3),(724,50,4,1,NULL,NULL,'2024-09-07','2024-09-09 13:27:16','2024-09-09 13:27:16',3),(725,55,4,1,NULL,NULL,'2024-09-07','2024-09-09 13:27:40','2024-09-09 13:27:40',3),(726,1,3,2,NULL,NULL,'2024-09-07','2024-09-09 13:28:12','2024-09-09 13:28:12',3),(727,5,3,NULL,NULL,1,'2024-09-07','2024-09-09 13:28:20','2024-09-09 13:28:20',3),(728,27,3,1,NULL,NULL,'2024-09-07','2024-09-09 13:29:47','2024-09-09 13:29:47',3),(729,8,4,NULL,4,NULL,'2024-09-07','2024-09-09 13:30:43','2024-09-09 13:30:43',3),(730,16,3,NULL,5,NULL,'2024-09-07','2024-09-09 13:30:57','2024-09-09 13:30:57',3),(731,15,3,1,NULL,NULL,'2024-09-14','2024-09-17 14:37:54','2024-09-17 14:37:54',3),(732,27,3,1,NULL,NULL,'2024-09-14','2024-09-17 14:38:26','2024-09-17 14:38:26',3),(733,42,3,1,NULL,NULL,'2024-09-14','2024-09-17 14:38:38','2024-09-17 14:38:38',3),(734,64,3,1,NULL,NULL,'2024-09-14','2024-09-17 14:38:53','2024-09-17 14:38:53',3),(735,1,4,1,NULL,NULL,'2024-09-14','2024-09-17 14:39:09','2024-09-17 14:39:09',3),(736,19,4,1,NULL,NULL,'2024-09-14','2024-09-17 14:39:21','2024-09-17 14:39:21',3),(737,51,4,1,NULL,NULL,'2024-09-14','2024-09-17 14:39:35','2024-09-17 14:39:35',3),(738,18,3,NULL,3,NULL,'2024-09-14','2024-09-17 14:40:27','2024-09-17 14:40:27',3),(739,16,4,NULL,4,NULL,'2024-09-14','2024-09-17 14:40:41','2024-09-17 14:40:41',3),(740,1,4,5,NULL,NULL,'2024-09-28','2024-10-01 21:29:33','2024-10-01 21:29:33',3),(741,51,4,2,NULL,NULL,'2024-09-28','2024-10-01 21:32:08','2024-10-01 21:32:08',3),(742,14,4,1,NULL,NULL,'2024-09-28','2024-10-01 21:32:35','2024-10-01 21:32:35',3),(743,3,4,1,NULL,NULL,'2024-09-28','2024-10-01 21:32:53','2024-10-01 21:32:53',3),(744,2,4,1,NULL,NULL,'2024-09-28','2024-10-01 21:33:06','2024-10-01 21:33:06',3),(745,8,3,2,NULL,NULL,'2024-09-28','2024-10-01 21:33:25','2024-10-01 21:33:25',3),(746,49,3,1,NULL,NULL,'2024-09-28','2024-10-01 21:33:41','2024-10-01 21:34:10',3),(747,16,4,NULL,3,NULL,'2024-09-28','2024-10-02 00:19:33','2024-10-02 00:19:33',3),(748,75,3,NULL,10,NULL,'2024-09-28','2024-10-02 00:19:40','2024-10-02 00:19:40',3),(749,46,3,1,NULL,NULL,'2024-10-05','2024-10-10 14:29:30','2024-10-10 14:29:30',3),(750,15,3,1,NULL,NULL,'2024-10-05','2024-10-10 14:29:48','2024-10-10 14:29:48',3),(751,19,3,1,NULL,NULL,'2024-10-05','2024-10-10 14:30:05','2024-10-10 14:30:05',3),(752,51,3,1,NULL,NULL,'2024-10-05','2024-10-10 14:30:18','2024-10-10 14:30:18',3),(753,26,3,1,NULL,NULL,'2024-10-05','2024-10-10 14:30:53','2024-10-10 14:30:53',3),(754,3,4,1,NULL,NULL,'2024-10-05','2024-10-10 14:31:43','2024-10-10 14:32:25',3),(755,8,4,2,NULL,NULL,'2024-10-05','2024-10-10 14:31:59','2024-10-10 14:31:59',3),(756,2,4,1,NULL,NULL,'2024-10-05','2024-10-10 14:32:47','2024-10-10 14:32:47',3),(757,6,4,1,NULL,NULL,'2024-10-05','2024-10-10 14:33:00','2024-10-10 14:33:00',3),(758,16,3,NULL,5,NULL,'2024-10-05','2024-10-10 14:33:24','2024-10-10 14:33:24',3),(759,18,4,NULL,5,NULL,'2024-10-05','2024-10-10 14:33:37','2024-10-10 14:33:37',3),(760,10,3,2,NULL,NULL,'2024-10-12','2024-10-16 12:49:11','2024-10-16 12:49:11',3),(761,8,3,1,NULL,NULL,'2024-10-12','2024-10-16 12:49:32','2024-10-16 12:49:32',3),(762,6,3,1,NULL,NULL,'2024-10-12','2024-10-16 12:49:49','2024-10-16 12:49:49',3),(763,35,4,NULL,NULL,1,'2024-10-12','2024-10-16 12:49:55','2024-10-16 12:49:55',3),(764,3,3,NULL,1,NULL,'2024-10-12','2024-10-16 12:56:46','2024-10-16 12:56:46',3),(765,18,4,NULL,4,NULL,'2024-10-12','2024-10-16 12:56:59','2024-10-16 12:56:59',3),(766,1,3,2,NULL,NULL,'2024-10-20','2024-10-23 11:06:47','2024-10-23 11:06:47',3),(767,19,3,1,NULL,NULL,'2024-10-20','2024-10-23 11:06:59','2024-10-23 11:06:59',3),(768,2,3,1,NULL,NULL,'2024-10-20','2024-10-23 11:07:57','2024-10-23 11:07:57',3),(769,42,4,4,NULL,NULL,'2024-10-20','2024-10-23 11:08:42','2024-10-23 11:08:42',3),(770,8,4,1,3,NULL,'2024-10-20','2024-10-23 11:09:44','2024-10-23 11:09:44',3),(771,41,4,1,NULL,NULL,'2024-10-20','2024-10-23 11:10:23','2024-10-23 11:10:23',3),(772,9,4,NULL,1,NULL,'2024-10-20','2024-10-23 11:11:37','2024-10-23 11:11:37',3),(773,18,3,NULL,6,NULL,'2024-10-20','2024-10-23 11:11:53','2024-10-23 11:11:53',3),(774,1,4,6,NULL,NULL,'2024-10-27','2024-10-28 10:17:44','2024-10-28 10:17:44',3),(775,44,4,2,NULL,NULL,'2024-10-27','2024-10-28 10:18:32','2024-10-28 10:18:32',3),(776,9,4,1,3,NULL,'2024-10-27','2024-10-28 10:19:05','2024-10-28 10:26:12',3),(777,49,4,1,NULL,NULL,'2024-10-27','2024-10-28 10:19:24','2024-10-28 10:19:24',3),(778,10,4,1,NULL,NULL,'2024-10-27','2024-10-28 10:19:39','2024-10-28 10:19:39',3),(779,28,4,1,NULL,NULL,'2024-10-27','2024-10-28 10:20:06','2024-10-28 10:20:06',3),(780,42,3,1,NULL,NULL,'2024-10-27','2024-10-28 10:21:11','2024-10-28 10:21:11',3),(781,8,3,1,NULL,NULL,'2024-10-27','2024-10-28 10:21:32','2024-10-28 10:21:32',3),(782,2,3,1,NULL,NULL,'2024-10-27','2024-10-28 10:21:56','2024-10-28 10:21:56',3),(783,52,3,NULL,NULL,1,'2024-10-27','2024-10-28 10:21:58','2024-10-28 10:21:58',3),(784,3,4,NULL,1,NULL,'2024-10-27','2024-10-28 10:26:28','2024-10-28 10:26:28',3),(785,18,3,NULL,10,NULL,'2024-10-27','2024-10-28 10:27:28','2024-10-28 10:27:28',3),(786,46,3,NULL,2,NULL,'2024-10-27','2024-10-28 10:27:45','2024-10-28 10:27:45',3),(787,10,4,1,NULL,NULL,'2024-11-03','2024-11-06 17:12:16','2024-11-06 17:12:16',3),(788,46,4,1,NULL,NULL,'2024-11-03','2024-11-06 17:12:31','2024-11-06 17:12:31',3),(789,4,4,2,NULL,NULL,'2024-11-03','2024-11-06 17:12:51','2024-11-06 17:12:51',3),(790,42,4,1,NULL,NULL,'2024-11-03','2024-11-06 17:13:07','2024-11-06 17:13:07',3),(791,63,4,1,NULL,NULL,'2024-11-03','2024-11-06 17:13:09','2024-11-06 17:13:09',3),(792,1,3,1,NULL,NULL,'2024-11-03','2024-11-06 17:15:35','2024-11-06 17:15:35',3),(793,8,3,1,NULL,NULL,'2024-11-03','2024-11-06 17:15:46','2024-11-06 17:15:46',3),(794,21,3,1,NULL,NULL,'2024-11-03','2024-11-06 17:16:16','2024-11-06 17:16:16',3),(795,2,3,1,NULL,NULL,'2024-11-03','2024-11-06 17:16:35','2024-11-06 17:16:35',3),(796,18,4,NULL,4,NULL,'2024-11-03','2024-11-06 17:16:55','2024-11-06 17:16:55',3),(797,16,3,NULL,6,NULL,'2024-11-03','2024-11-06 17:17:08','2024-11-06 17:17:08',3),(798,44,4,1,NULL,NULL,'2024-11-10','2024-11-13 11:40:49','2024-11-13 11:40:49',3),(799,42,4,1,NULL,NULL,'2024-11-10','2024-11-13 11:41:14','2024-11-13 11:41:14',3),(800,8,4,1,NULL,NULL,'2024-11-10','2024-11-13 11:42:59','2024-11-13 11:42:59',3),(801,15,4,1,NULL,NULL,'2024-11-10','2024-11-13 11:43:14','2024-11-13 11:43:14',3),(802,46,4,1,NULL,NULL,'2024-11-10','2024-11-13 11:43:32','2024-11-13 11:43:32',3),(803,2,3,1,NULL,NULL,'2024-11-10','2024-11-13 11:45:31','2024-11-13 11:45:31',3),(804,10,3,1,NULL,NULL,'2024-11-10','2024-11-13 11:46:49','2024-11-13 11:46:49',3),(805,51,3,1,NULL,NULL,'2024-11-10','2024-11-13 11:47:07','2024-11-13 11:47:07',3),(806,8,3,NULL,NULL,1,'2024-11-10','2024-11-13 11:47:07','2024-11-13 11:47:07',3),(807,16,3,NULL,5,NULL,'2024-11-10','2024-11-13 11:51:19','2024-11-13 11:51:19',3),(808,18,4,NULL,4,NULL,'2024-11-10','2024-11-13 11:51:52','2024-11-13 11:51:52',3),(809,13,4,1,NULL,NULL,'2024-11-17','2024-11-20 01:43:09','2024-11-20 01:43:09',3),(810,5,4,1,NULL,NULL,'2024-11-17','2024-11-20 01:43:35','2024-11-20 01:43:35',3),(811,16,4,1,8,NULL,'2024-11-17','2024-11-20 01:44:00','2024-11-20 01:44:00',3),(812,4,3,1,NULL,NULL,'2024-11-17','2024-11-20 01:44:24','2024-11-20 01:44:24',3),(813,42,3,2,NULL,NULL,'2024-11-17','2024-11-20 01:44:47','2024-11-20 01:44:47',3),(814,2,3,1,NULL,NULL,'2024-11-17','2024-11-20 01:45:05','2024-11-20 01:45:05',3),(815,44,3,3,NULL,NULL,'2024-11-17','2024-11-20 01:45:24','2024-11-20 01:45:24',3),(816,52,3,1,1,NULL,'2024-11-17','2024-11-20 01:45:42','2024-11-20 01:46:15',3),(817,24,3,NULL,2,NULL,'2024-11-17','2024-11-20 01:46:50','2024-11-20 01:46:50',3),(818,1,3,2,NULL,NULL,'2024-11-24','2024-11-27 14:16:27','2024-11-27 14:16:27',3),(819,11,3,1,NULL,NULL,'2024-11-24','2024-11-27 14:16:46','2024-11-27 14:16:46',3),(820,42,4,2,NULL,NULL,'2024-11-24','2024-11-27 14:17:05','2024-11-27 14:17:05',3),(821,49,4,1,NULL,NULL,'2024-11-24','2024-11-27 14:17:21','2024-11-27 14:17:21',3),(822,8,3,NULL,1,NULL,'2024-11-24','2024-11-27 14:17:45','2024-11-27 14:17:45',3),(823,3,3,NULL,2,NULL,'2024-11-24','2024-11-27 14:18:02','2024-11-27 14:18:02',3),(824,16,4,NULL,3,NULL,'2024-11-24','2024-11-27 14:18:17','2024-11-27 14:18:17',3),(825,1,3,1,NULL,NULL,'2024-12-08','2024-12-11 11:22:01','2024-12-11 11:22:01',3),(826,5,3,1,NULL,NULL,'2024-12-08','2024-12-11 11:33:38','2024-12-11 11:33:38',3),(827,32,4,1,NULL,NULL,'2024-12-08','2024-12-11 11:34:55','2024-12-11 11:34:55',3),(828,72,4,2,NULL,NULL,'2024-12-08','2024-12-11 11:36:13','2024-12-11 11:36:13',3),(829,8,3,NULL,1,NULL,'2024-12-08','2024-12-11 11:37:47','2024-12-11 11:37:47',3),(830,3,3,NULL,2,NULL,'2024-12-08','2024-12-11 11:38:07','2024-12-11 11:38:07',3),(831,16,4,NULL,2,NULL,'2024-12-08','2024-12-11 11:38:51','2024-12-11 11:38:51',3),(832,44,3,4,NULL,NULL,'2024-12-14','2024-12-16 19:27:22','2024-12-16 19:27:22',3),(833,72,3,2,NULL,NULL,'2024-12-14','2024-12-16 19:28:12','2024-12-16 19:28:12',3),(834,41,3,1,NULL,NULL,'2024-12-14','2024-12-16 19:28:34','2024-12-16 19:28:34',3),(835,10,4,2,NULL,NULL,'2024-12-14','2024-12-16 19:29:08','2024-12-16 19:29:08',3),(836,28,4,1,NULL,NULL,'2024-12-14','2024-12-16 19:30:09','2024-12-16 19:30:09',3),(837,19,4,1,NULL,NULL,'2024-12-14','2024-12-16 19:30:29','2024-12-16 19:30:29',3),(838,69,4,1,NULL,NULL,'2024-12-14','2024-12-16 19:31:15','2024-12-16 19:31:15',3),(839,16,4,NULL,7,NULL,'2024-12-14','2024-12-16 19:31:36','2024-12-16 19:31:36',3),(840,76,3,NULL,5,NULL,'2024-12-14','2024-12-16 19:32:36','2024-12-16 19:32:36',3),(841,1,4,2,NULL,NULL,'2024-12-21','2024-12-27 18:20:25','2024-12-27 18:20:25',3),(842,52,4,1,NULL,NULL,'2024-12-21','2024-12-27 18:21:19','2024-12-27 18:21:19',3),(843,19,4,1,NULL,NULL,'2024-12-21','2024-12-27 18:22:03','2024-12-27 18:22:03',3),(844,49,4,NULL,NULL,1,'2024-12-21','2024-12-27 18:22:09','2024-12-27 18:22:09',3),(845,35,3,1,NULL,NULL,'2024-12-21','2024-12-27 18:25:02','2024-12-27 18:25:02',3),(846,67,4,NULL,1,NULL,'2024-12-21','2024-12-27 18:25:58','2024-12-27 18:25:58',3),(847,76,3,NULL,5,NULL,'2024-12-21','2024-12-27 18:26:28','2024-12-27 18:26:28',3),(848,42,3,2,NULL,NULL,'2024-12-28','2024-12-30 12:06:29','2024-12-30 12:06:29',3),(849,6,3,2,NULL,NULL,'2024-12-28','2024-12-30 12:06:55','2024-12-30 12:06:55',3),(850,3,3,1,NULL,NULL,'2024-12-28','2024-12-30 12:07:21','2024-12-30 12:07:21',3),(851,52,3,1,NULL,NULL,'2024-12-28','2024-12-30 12:07:49','2024-12-30 12:07:49',3),(852,49,3,1,NULL,NULL,'2024-12-28','2024-12-30 12:08:07','2024-12-30 12:08:07',3),(853,1,4,1,NULL,NULL,'2024-12-28','2024-12-30 12:08:25','2024-12-30 12:08:25',3),(854,15,4,3,NULL,NULL,'2024-12-28','2024-12-30 12:08:46','2024-12-30 12:08:46',3),(855,19,4,1,NULL,NULL,'2024-12-28','2024-12-30 12:09:06','2024-12-30 12:09:06',3),(856,55,4,1,NULL,NULL,'2024-12-28','2024-12-30 12:09:23','2024-12-30 12:09:23',3),(857,18,3,NULL,6,NULL,'2024-12-28','2024-12-30 12:10:52','2024-12-30 12:10:52',3),(858,17,4,NULL,7,NULL,'2024-12-28','2024-12-30 12:11:22','2024-12-30 12:11:22',3),(859,42,3,2,NULL,NULL,'2025-01-04','2025-01-08 11:37:24','2025-01-08 11:37:24',3),(860,49,3,1,NULL,NULL,'2025-01-04','2025-01-08 11:37:48','2025-01-08 11:37:48',3),(861,8,3,1,NULL,NULL,'2025-01-04','2025-01-08 11:38:03','2025-01-08 11:38:03',3),(862,64,3,2,NULL,NULL,'2025-01-04','2025-01-08 11:38:24','2025-01-08 11:38:24',3),(863,6,3,1,NULL,NULL,'2025-01-04','2025-01-08 11:38:48','2025-01-08 11:38:48',3),(864,35,3,1,NULL,NULL,'2025-01-04','2025-01-08 11:39:03','2025-01-08 11:39:03',3),(865,1,4,1,NULL,NULL,'2025-01-04','2025-01-08 11:39:33','2025-01-08 11:39:33',3),(866,2,4,1,NULL,NULL,'2025-01-04','2025-01-08 11:40:21','2025-01-08 11:40:21',3),(867,44,4,1,NULL,NULL,'2025-01-04','2025-01-08 11:40:35','2025-01-08 11:40:35',3),(868,41,4,1,NULL,NULL,'2025-01-04','2025-01-08 11:40:52','2025-01-08 11:40:52',3),(869,16,3,NULL,4,NULL,'2025-01-04','2025-01-08 11:41:37','2025-01-08 11:41:37',3),(870,18,4,NULL,8,NULL,'2025-01-04','2025-01-08 11:41:54','2025-01-08 11:41:54',3),(871,9,4,1,NULL,NULL,'2025-01-11','2025-01-13 17:10:04','2025-01-13 17:10:04',3),(872,19,4,1,NULL,NULL,'2025-01-11','2025-01-13 17:10:20','2025-01-13 17:10:20',3),(873,2,4,2,NULL,NULL,'2025-01-11','2025-01-13 17:10:46','2025-01-13 17:10:46',3),(874,42,4,1,NULL,NULL,'2025-01-11','2025-01-13 17:11:04','2025-01-13 17:11:04',3),(875,44,4,1,NULL,NULL,'2025-01-11','2025-01-13 17:11:22','2025-01-13 17:11:22',3),(876,5,3,1,NULL,NULL,'2025-01-11','2025-01-13 17:12:49','2025-01-13 17:12:49',3),(877,46,3,1,NULL,NULL,'2025-01-11','2025-01-13 17:13:16','2025-01-13 17:13:16',3),(878,1,3,1,NULL,NULL,'2025-01-11','2025-01-13 17:13:54','2025-01-13 17:13:54',3),(879,72,3,1,NULL,NULL,'2025-01-11','2025-01-13 17:14:11','2025-01-13 17:14:11',3),(880,16,3,NULL,6,NULL,'2025-01-11','2025-01-13 17:17:04','2025-01-13 17:17:04',3),(881,76,4,NULL,5,NULL,'2025-01-11','2025-01-13 17:17:20','2025-01-13 17:17:20',3),(882,54,3,NULL,NULL,1,'2025-01-11','2025-01-13 17:17:25','2025-01-13 17:17:25',3),(883,8,3,4,NULL,NULL,'2025-01-19','2025-01-20 10:55:10','2025-01-20 10:55:10',3),(884,51,3,4,NULL,NULL,'2025-01-19','2025-01-20 10:56:56','2025-01-20 10:56:56',3),(885,7,3,2,NULL,NULL,'2025-01-19','2025-01-20 10:58:01','2025-01-20 10:58:01',3),(886,10,3,1,NULL,NULL,'2025-01-19','2025-01-20 11:00:03','2025-01-20 11:00:03',3),(887,15,3,1,NULL,NULL,'2025-01-19','2025-01-20 11:01:48','2025-01-20 11:01:48',3),(888,44,4,1,NULL,NULL,'2025-01-19','2025-01-20 11:02:17','2025-01-20 11:02:17',3),(889,47,3,NULL,1,NULL,'2025-01-19','2025-01-20 11:10:56','2025-01-20 11:10:56',3),(890,16,4,NULL,12,NULL,'2025-01-19','2025-01-20 11:11:54','2025-01-20 11:11:54',3),(891,15,4,1,NULL,NULL,'2025-01-25','2025-01-29 14:37:19','2025-01-29 14:37:19',3),(892,51,4,1,NULL,NULL,'2025-01-25','2025-01-29 14:37:33','2025-01-29 14:37:33',3),(893,12,4,1,NULL,NULL,'2025-01-25','2025-01-29 14:38:02','2025-01-29 14:38:02',3),(894,42,3,1,NULL,NULL,'2025-01-25','2025-01-29 14:38:31','2025-01-29 14:38:31',3),(895,72,3,1,NULL,NULL,'2025-01-25','2025-01-29 14:38:51','2025-01-29 14:38:51',3),(896,64,3,1,NULL,NULL,'2025-01-25','2025-01-29 14:39:07','2025-01-29 14:39:07',3),(897,16,4,NULL,3,NULL,'2025-01-25','2025-01-29 14:39:31','2025-01-29 14:39:31',3),(898,76,3,NULL,3,NULL,'2025-01-25','2025-01-29 14:39:55','2025-01-29 14:39:55',3),(899,8,4,1,NULL,NULL,'2025-02-01','2025-02-06 10:42:00','2025-02-06 10:42:00',3),(900,10,3,1,NULL,NULL,'2025-02-01','2025-02-06 10:42:41','2025-02-06 10:42:41',3),(901,9,3,1,NULL,NULL,'2025-02-01','2025-02-06 10:42:59','2025-02-06 10:42:59',3),(902,16,4,NULL,2,NULL,'2025-02-01','2025-02-06 10:43:25','2025-02-06 10:43:25',3),(903,47,3,NULL,1,NULL,'2025-02-01','2025-02-06 10:43:42','2025-02-06 10:43:42',3),(904,42,3,3,NULL,NULL,'2025-02-09','2025-02-13 18:35:51','2025-02-13 19:26:58',3),(905,11,3,1,NULL,NULL,'2025-02-09','2025-02-13 18:36:17','2025-02-13 19:27:43',3),(906,72,3,2,NULL,NULL,'2025-02-09','2025-02-13 18:36:36','2025-02-13 19:27:16',3),(907,50,3,1,NULL,NULL,'2025-02-09','2025-02-13 18:37:09','2025-02-13 19:28:09',3),(908,69,3,1,NULL,NULL,'2025-02-09','2025-02-13 18:37:33','2025-02-13 19:27:58',3),(909,1,4,3,NULL,NULL,'2025-02-09','2025-02-13 18:37:50','2025-02-13 19:26:45',3),(910,6,4,1,NULL,NULL,'2025-02-09','2025-02-13 18:38:09','2025-02-13 19:27:30',3),(911,12,4,1,NULL,NULL,'2025-02-09','2025-02-13 18:38:41','2025-02-13 19:28:24',3),(912,9,3,NULL,1,NULL,'2025-02-09','2025-02-13 18:40:28','2025-02-13 19:29:09',3),(913,67,3,NULL,4,NULL,'2025-02-09','2025-02-13 19:22:14','2025-02-13 19:28:52',3),(914,16,4,NULL,8,NULL,'2025-02-09','2025-02-13 19:22:34','2025-02-13 19:28:38',3),(915,4,4,1,NULL,NULL,'2025-02-15','2025-02-18 16:34:32','2025-02-18 16:34:32',3),(916,44,4,3,NULL,NULL,'2025-02-15','2025-02-18 16:34:51','2025-02-18 16:34:51',3),(917,1,4,1,NULL,NULL,'2025-02-15','2025-02-18 16:35:46','2025-02-18 16:35:46',3),(918,5,4,NULL,NULL,1,'2025-02-15','2025-02-18 16:35:48','2025-02-18 16:35:48',3),(919,8,3,2,NULL,NULL,'2025-02-15','2025-02-18 16:39:08','2025-02-18 16:39:08',3),(920,9,3,1,NULL,NULL,'2025-02-15','2025-02-18 16:39:26','2025-02-18 16:39:26',3),(921,18,4,NULL,3,NULL,'2025-02-15','2025-02-18 16:39:56','2025-02-18 16:39:56',3),(922,16,3,NULL,6,NULL,'2025-02-15','2025-02-18 16:40:15','2025-02-18 16:40:15',3),(923,6,4,1,NULL,NULL,'2025-02-22','2025-02-26 12:50:04','2025-02-26 12:50:04',3),(924,46,4,2,NULL,NULL,'2025-02-22','2025-02-26 12:50:19','2025-02-26 12:50:19',3),(925,51,4,1,NULL,NULL,'2025-02-22','2025-02-26 12:50:38','2025-02-26 12:50:38',3),(926,28,4,1,NULL,NULL,'2025-02-22','2025-02-26 12:50:57','2025-02-26 12:50:57',3),(927,69,4,1,NULL,NULL,'2025-02-22','2025-02-26 12:51:21','2025-02-26 12:51:21',3),(928,44,3,1,NULL,NULL,'2025-02-22','2025-02-26 12:51:42','2025-02-26 12:51:42',3),(929,10,3,1,NULL,NULL,'2025-02-22','2025-02-26 12:52:08','2025-02-26 12:52:08',3),(930,4,3,1,NULL,NULL,'2025-02-22','2025-02-26 12:52:25','2025-02-26 12:52:25',3),(931,63,3,NULL,NULL,1,'2025-02-22','2025-02-26 12:52:45','2025-02-26 12:52:45',3),(932,16,4,NULL,4,NULL,'2025-02-22','2025-02-26 12:55:15','2025-02-26 12:55:15',3),(933,18,3,NULL,7,NULL,'2025-02-22','2025-02-26 12:55:33','2025-02-26 12:55:33',3),(934,4,4,1,NULL,NULL,'2025-03-01','2025-03-04 17:26:03','2025-03-04 17:26:03',3),(935,1,4,3,NULL,NULL,'2025-03-01','2025-03-04 17:26:20','2025-03-04 17:26:20',3),(936,13,4,1,NULL,NULL,'2025-03-01','2025-03-04 17:26:43','2025-03-04 17:26:43',3),(937,44,4,2,NULL,NULL,'2025-03-01','2025-03-04 17:26:58','2025-03-04 17:26:58',3),(938,10,4,1,NULL,NULL,'2025-03-01','2025-03-04 17:27:22','2025-03-04 17:27:22',3),(939,46,3,1,NULL,NULL,'2025-03-01','2025-03-04 17:27:42','2025-03-04 17:27:42',3),(940,19,3,2,NULL,NULL,'2025-03-01','2025-03-04 17:27:55','2025-03-04 17:27:55',3),(941,72,3,1,NULL,NULL,'2025-03-01','2025-03-04 17:28:11','2025-03-04 17:28:11',3),(942,69,3,4,NULL,NULL,'2025-03-01','2025-03-04 17:28:30','2025-03-04 17:28:30',3),(943,6,3,1,NULL,NULL,'2025-03-01','2025-03-04 17:28:47','2025-03-04 17:28:47',3),(944,47,4,NULL,9,NULL,'2025-03-01','2025-03-04 17:29:35','2025-03-04 17:29:35',3),(945,18,3,NULL,8,NULL,'2025-03-01','2025-03-04 17:29:50','2025-03-04 17:29:50',3),(946,1,3,4,NULL,NULL,'2025-03-09','2025-03-12 13:33:12','2025-03-12 13:33:12',3),(947,19,3,3,NULL,NULL,'2025-03-09','2025-03-12 13:33:37','2025-03-12 13:33:37',3),(948,15,3,1,NULL,NULL,'2025-03-09','2025-03-12 13:34:04','2025-03-12 13:34:04',3),(949,72,3,1,NULL,NULL,'2025-03-09','2025-03-12 13:41:55','2025-03-12 13:41:55',3),(950,44,4,3,NULL,NULL,'2025-03-09','2025-03-12 13:42:33','2025-03-12 13:42:33',3),(951,42,4,1,NULL,NULL,'2025-03-09','2025-03-12 13:43:10','2025-03-12 13:43:10',3),(952,8,4,1,NULL,NULL,'2025-03-09','2025-03-12 13:43:23','2025-03-12 13:43:23',3),(953,46,4,1,NULL,NULL,'2025-03-09','2025-03-12 13:43:44','2025-03-12 13:43:44',3),(954,49,4,1,NULL,NULL,'2025-03-09','2025-03-12 13:44:12','2025-03-12 13:44:12',3),(955,16,3,NULL,7,NULL,'2025-03-09','2025-03-12 13:45:28','2025-03-12 13:45:28',3),(956,9,4,NULL,3,NULL,'2025-03-09','2025-03-12 16:29:53','2025-03-12 16:29:53',3),(957,52,4,NULL,6,NULL,'2025-03-09','2025-03-12 16:30:12','2025-03-12 16:30:12',3),(958,19,3,2,NULL,NULL,'2025-03-15','2025-03-19 09:31:34','2025-03-19 09:31:34',3),(959,8,3,1,NULL,NULL,'2025-03-15','2025-03-19 09:31:54','2025-03-19 09:31:54',3),(960,6,3,1,NULL,NULL,'2025-03-15','2025-03-19 09:32:18','2025-03-19 09:32:18',3),(961,1,3,1,NULL,NULL,'2025-03-15','2025-03-19 09:32:36','2025-03-19 09:32:36',3),(962,12,4,2,NULL,NULL,'2025-03-15','2025-03-19 09:33:24','2025-03-19 09:33:24',3),(963,42,4,2,NULL,NULL,'2025-03-15','2025-03-19 09:33:39','2025-03-19 09:33:39',3),(964,51,4,1,NULL,NULL,'2025-03-15','2025-03-19 09:33:57','2025-03-19 09:33:57',3),(965,49,4,1,NULL,NULL,'2025-03-15','2025-03-19 09:34:15','2025-03-19 09:34:15',3),(966,77,4,NULL,NULL,1,'2025-03-15','2025-03-19 09:35:15','2025-03-19 09:35:15',3),(967,18,4,NULL,5,NULL,'2025-03-15','2025-03-19 09:38:49','2025-03-19 09:38:49',3),(968,8,3,NULL,4,NULL,'2025-03-15','2025-03-19 10:25:04','2025-03-19 10:25:04',3),(969,78,3,NULL,3,NULL,'2025-03-15','2025-03-19 10:30:04','2025-03-19 10:30:04',3),(970,49,3,1,NULL,NULL,'2025-03-23','2025-03-25 10:58:42','2025-03-25 11:00:51',3),(971,6,3,2,NULL,NULL,'2025-03-23','2025-03-25 10:59:05','2025-03-25 11:00:38',3),(972,2,3,1,NULL,NULL,'2025-03-23','2025-03-25 10:59:26','2025-03-25 11:00:28',3),(973,3,3,1,NULL,NULL,'2025-03-23','2025-03-25 10:59:42','2025-03-25 11:00:19',3),(974,52,3,1,NULL,NULL,'2025-03-23','2025-03-25 11:00:07','2025-03-25 11:00:07',3),(975,46,4,2,NULL,NULL,'2025-03-23','2025-03-25 11:01:29','2025-03-25 11:01:29',3),(976,51,4,1,NULL,NULL,'2025-03-23','2025-03-25 11:01:45','2025-03-25 11:01:45',3),(977,15,4,1,NULL,NULL,'2025-03-23','2025-03-25 11:01:57','2025-03-25 11:01:57',3),(978,34,4,NULL,6,NULL,'2025-03-23','2025-03-25 11:03:09','2025-03-25 11:03:09',3),(979,79,3,NULL,4,NULL,'2025-03-23','2025-03-25 11:04:09','2025-03-25 11:04:09',3),(980,72,4,1,NULL,NULL,'2025-03-29','2025-03-30 00:53:09','2025-03-30 00:53:09',3),(981,42,4,4,NULL,NULL,'2025-03-29','2025-03-30 00:53:25','2025-03-30 00:53:25',3),(982,8,4,1,NULL,NULL,'2025-03-29','2025-03-30 00:53:39','2025-03-30 00:53:39',3),(983,19,4,1,NULL,NULL,'2025-03-29','2025-03-30 00:53:57','2025-03-30 00:53:57',3),(984,52,4,1,NULL,NULL,'2025-03-29','2025-03-30 00:54:18','2025-03-30 00:54:18',3),(985,28,4,1,NULL,NULL,'2025-03-29','2025-03-30 00:54:41','2025-03-30 00:54:41',3),(986,69,4,1,NULL,NULL,'2025-03-29','2025-03-30 00:54:57','2025-03-30 00:54:57',3),(987,16,4,1,NULL,NULL,'2025-03-29','2025-03-30 00:55:15','2025-03-30 00:55:15',3),(988,46,3,1,NULL,NULL,'2025-03-29','2025-03-30 00:55:36','2025-03-30 00:55:36',3),(989,10,3,2,NULL,NULL,'2025-03-29','2025-03-30 00:55:51','2025-03-30 00:55:51',3),(990,1,3,1,NULL,NULL,'2025-03-29','2025-03-30 00:56:37','2025-03-30 00:56:37',3),(991,2,3,1,NULL,NULL,'2025-03-29','2025-03-30 00:56:51','2025-03-30 00:56:51',3),(992,27,3,1,NULL,NULL,'2025-03-29','2025-03-30 00:57:08','2025-03-30 00:57:08',3),(993,34,3,NULL,7,NULL,'2025-03-29','2025-03-30 00:57:33','2025-03-30 00:57:33',3),(994,79,3,NULL,4,NULL,'2025-03-29','2025-03-30 00:57:52','2025-03-30 00:58:42',3),(995,18,4,NULL,6,NULL,'2025-03-29','2025-03-30 00:58:09','2025-03-30 00:58:09',3),(996,1,3,4,NULL,NULL,'2025-04-06','2025-04-09 11:27:19','2025-04-09 11:27:19',3),(997,19,3,1,NULL,NULL,'2025-04-06','2025-04-09 11:27:37','2025-04-09 11:27:37',3),(998,3,3,1,NULL,NULL,'2025-04-06','2025-04-09 11:36:07','2025-04-09 11:36:07',3),(999,13,3,1,NULL,NULL,'2025-04-06','2025-04-09 11:36:25','2025-04-09 11:36:25',3),(1000,30,3,1,NULL,NULL,'2025-04-06','2025-04-09 11:36:58','2025-04-09 11:36:58',3),(1001,2,3,1,NULL,NULL,'2025-04-06','2025-04-09 11:37:18','2025-04-09 11:37:18',3),(1002,51,4,1,NULL,NULL,'2025-04-06','2025-04-09 11:37:45','2025-04-09 11:37:45',3),(1003,65,4,2,NULL,NULL,'2025-04-06','2025-04-09 11:37:47','2025-04-09 11:37:47',3),(1004,9,4,1,NULL,NULL,'2025-04-06','2025-04-09 11:43:01','2025-04-09 11:43:01',3),(1005,8,4,1,NULL,NULL,'2025-04-06','2025-04-09 11:47:38','2025-04-09 11:47:38',3),(1006,42,4,1,NULL,NULL,'2025-04-06','2025-04-09 11:47:53','2025-04-09 11:47:53',3),(1007,69,4,1,NULL,NULL,'2025-04-06','2025-04-09 11:48:07','2025-04-09 11:48:07',3),(1008,18,3,NULL,7,NULL,'2025-04-06','2025-04-09 11:48:41','2025-04-09 11:48:41',3),(1009,79,4,NULL,9,NULL,'2025-04-06','2025-04-09 11:48:57','2025-04-09 11:48:57',3),(1010,1,3,2,NULL,NULL,'2025-04-13','2025-04-17 11:56:26','2025-04-17 11:56:26',3),(1011,82,3,2,NULL,NULL,'2025-04-13','2025-04-17 11:56:35','2025-04-17 11:56:35',3),(1012,26,3,2,NULL,NULL,'2025-04-13','2025-04-17 11:59:55','2025-04-17 11:59:55',3),(1013,49,3,1,NULL,NULL,'2025-04-13','2025-04-17 12:01:44','2025-04-17 12:01:44',3),(1014,52,3,1,NULL,NULL,'2025-04-13','2025-04-17 12:02:00','2025-04-17 12:02:00',3),(1015,78,3,1,NULL,NULL,'2025-04-13','2025-04-17 12:02:22','2025-04-17 12:02:22',3),(1016,12,4,1,NULL,NULL,'2025-04-13','2025-04-17 12:11:27','2025-04-17 12:11:27',3),(1017,19,4,1,NULL,NULL,'2025-04-13','2025-04-17 12:12:07','2025-04-17 12:12:07',3),(1018,42,4,2,NULL,NULL,'2025-04-13','2025-04-17 12:12:20','2025-04-17 12:12:20',3),(1019,9,4,1,NULL,NULL,'2025-04-13','2025-04-17 12:13:00','2025-04-17 12:13:00',3),(1020,18,4,NULL,2,NULL,'2025-04-13','2025-04-17 12:15:52','2025-04-17 12:15:52',3),(1021,79,4,NULL,7,NULL,'2025-04-13','2025-04-17 12:16:07','2025-04-17 12:16:07',3),(1022,34,3,NULL,5,NULL,'2025-04-13','2025-04-17 12:16:21','2025-04-17 12:16:21',3);
/*!40000 ALTER TABLE `jogador_gols` ENABLE KEYS */;
UNLOCK TABLES;

--
-- Table structure for table `jogadores`
--

DROP TABLE IF EXISTS `jogadores`;
/*!40101 SET @saved_cs_client     = @@character_set_client */;
/*!50503 SET character_set_client = utf8mb4 */;
CREATE TABLE `jogadores` (
  `id` int NOT NULL AUTO_INCREMENT,
  `nome` varchar(45) DEFAULT NULL,
  `gols` int DEFAULT '0',
  `created_at` datetime DEFAULT NULL,
  `updated_at` datetime DEFAULT NULL,
  `status` int DEFAULT '1',
  PRIMARY KEY (`id`)
) ENGINE=InnoDB AUTO_INCREMENT=83 DEFAULT CHARSET=utf8mb4 COLLATE=utf8mb4_0900_ai_ci;
/*!40101 SET character_set_client = @saved_cs_client */;

--
-- Dumping data for table `jogadores`
--

LOCK TABLES `jogadores` WRITE;
/*!40000 ALTER TABLE `jogadores` DISABLE KEYS */;
INSERT INTO `jogadores` VALUES (1,'Viquinha',0,'2023-02-20 10:23:27','2023-02-20 10:23:27',1),(2,'Val',0,'2023-02-20 10:25:57','2023-02-20 10:25:57',1),(3,'Chico',0,'2023-02-20 10:27:12','2023-02-20 10:27:12',1),(4,'David',0,'2023-02-20 10:27:51','2023-02-20 10:27:51',1),(5,'Valdinho',0,'2023-02-20 10:28:50','2025-03-04 17:32:01',1),(6,'Diguinho',0,'2023-02-20 10:29:38','2025-03-04 17:30:38',1),(7,'Niko',0,'2023-02-20 10:29:46','2023-02-20 10:29:46',1),(8,'João Vitor',0,'2023-02-20 10:29:56','2023-02-20 10:29:56',1),(9,'Murilo',0,'2023-02-20 10:31:59','2023-02-20 10:31:59',1),(10,'Fabinho',0,'2023-02-20 10:32:22','2025-03-04 17:30:50',1),(11,'Marcão',0,'2023-02-20 10:32:35','2023-02-20 10:32:35',1),(12,'Wilson',0,'2023-02-20 10:32:53','2023-02-20 10:32:53',1),(13,'Leonor',0,'2023-02-20 10:33:01','2023-02-20 10:33:01',1),(14,'Pê',0,'2023-02-20 10:33:08','2023-02-20 10:33:08',1),(15,'Anselmo',0,'2023-02-20 10:33:15','2023-02-20 10:33:15',1),(16,'Gerinha',0,'2023-02-20 10:45:44','2023-02-20 10:45:44',1),(17,'Alex',0,'2023-02-20 10:47:11','2023-02-20 10:47:11',1),(18,'Tigrão',0,'2023-02-20 10:50:07','2023-02-20 10:50:07',1),(19,'Sávio',0,'2023-02-27 00:46:09','2023-02-27 00:46:09',1),(20,'Wanderson',0,'2023-02-27 00:48:03','2023-02-27 00:48:03',0),(21,'Tony',0,'2023-03-06 00:58:55','2023-03-06 00:58:55',1),(22,'Pira',0,'2023-03-06 01:01:40','2023-03-06 01:01:40',0),(23,'Weberson',0,'2023-03-13 00:54:33','2023-03-13 00:54:33',1),(24,'Natinha',0,'2023-04-03 11:19:34','2023-04-03 11:19:34',0),(25,'Decona',0,'2023-04-03 11:20:19','2023-04-03 11:20:19',0),(26,'Ricardo',0,'2023-04-10 13:03:16','2023-04-10 13:03:16',0),(27,'Emerson',0,'2023-04-24 18:08:37','2023-04-24 18:08:37',1),(28,'Willian',0,'2023-05-08 13:01:35','2023-05-08 13:01:35',1),(29,'Marcio',0,'2023-05-31 01:56:59','2023-05-31 01:56:59',0),(30,'Ray',0,'2023-06-20 17:48:26','2023-06-20 17:48:26',1),(31,'Té',0,'2023-06-20 17:48:38','2023-06-20 17:48:38',0),(32,'Deguinha',0,'2023-07-05 00:39:02','2023-07-05 00:39:02',1),(33,'Samuel',0,'2023-07-05 00:39:54','2023-07-05 00:39:54',0),(34,'Romário',0,'2023-07-05 00:42:02','2023-07-05 00:42:02',1),(35,'Zezinho',0,'2023-07-30 19:25:02','2023-07-30 19:25:02',1),(36,'Jaques',0,'2023-08-07 13:05:27','2023-08-07 13:05:27',1),(37,'Luciano',0,'2023-08-21 00:03:25','2023-08-21 00:03:25',1),(38,'Ailton',0,'2023-08-27 17:39:19','2023-08-27 17:39:19',1),(39,'Ricardo de Ilza',0,'2023-08-27 17:46:45','2023-08-27 17:46:45',0),(40,'Jaderson',0,'2023-09-12 23:17:52','2023-09-12 23:17:52',1),(41,'Josimar',0,'2023-09-12 23:18:02','2023-09-12 23:18:02',1),(42,'Tiquinha',0,'2023-09-18 00:43:22','2023-09-18 00:43:22',1),(43,'Léo',0,'2023-09-18 00:43:52','2023-09-18 00:43:52',1),(44,'Gustavo',0,'2023-09-28 20:06:04','2023-09-28 20:06:04',0),(45,'Jucelio',0,'2023-09-28 20:06:53','2023-09-28 20:06:53',0),(46,'Tonico',0,'2023-11-01 00:44:27','2023-11-01 00:44:27',1),(47,'Marco Antônio',0,'2023-12-14 13:44:13','2023-12-14 13:44:13',1),(48,'Henrique',0,'2024-01-04 01:03:47','2024-01-04 01:03:47',0),(49,'Jeferson',0,'2024-01-15 12:29:57','2024-01-15 12:29:57',1),(50,'Edson',0,'2024-01-29 12:22:54','2024-01-29 12:22:54',1),(51,'Magnária',0,'2024-02-14 11:14:21','2024-02-14 11:14:21',1),(52,'Nena',0,'2024-02-18 19:44:31','2024-02-18 19:44:31',1),(53,'Lucimar',0,'2024-02-26 19:48:27','2024-02-26 19:48:27',1),(54,'Lau',0,'2024-02-28 20:04:52','2024-02-28 20:04:52',1),(55,'Hélio',0,'2024-02-28 20:06:16','2024-02-28 20:06:16',1),(56,'Peba',0,'2024-02-28 20:08:06','2024-02-28 20:08:06',1),(57,'Reginaldo',0,'2024-02-28 20:11:58','2024-02-28 20:11:58',1),(58,'Gildácio',0,'2024-02-28 20:16:20','2024-02-28 20:16:20',0),(59,'Vanderlei',0,'2024-02-28 20:42:36','2024-02-28 20:42:36',1),(60,'Aécio',0,'2024-02-28 20:43:11','2024-02-28 20:43:11',1),(61,'Lé',0,'2024-02-28 20:47:20','2024-02-28 20:47:20',1),(62,'Nizão',0,'2024-02-28 20:48:19','2024-02-28 20:48:19',1),(63,'Misael',0,'2024-02-28 20:50:36','2024-02-28 20:50:36',1),(64,'Varlei',0,'2024-03-04 20:01:52','2024-03-07 12:05:20',1),(65,'Renan',0,'2024-03-06 23:27:46','2024-03-06 23:27:46',1),(66,'Ernandes',0,'2024-03-06 23:29:02','2024-03-06 23:29:02',1),(67,'Marcos',0,'2024-03-20 10:55:51','2024-03-20 10:55:51',1),(68,'Igor',0,'2024-04-01 12:45:10','2024-04-01 12:45:10',0),(69,'Tainan',0,'2024-05-05 14:39:28','2024-05-05 14:39:28',1),(70,'Messias',0,'2024-06-05 12:17:49','2024-06-05 12:17:49',1),(71,'Piu',0,'2024-06-05 12:18:02','2024-06-05 12:18:02',1),(72,'Vinícius',0,'2024-06-12 10:51:28','2024-06-12 10:51:28',1),(73,'Renato',0,'2024-08-12 01:02:01','2024-08-12 01:02:01',1),(74,'Alexandre',0,'2024-08-12 01:04:12','2024-08-12 01:04:12',1),(75,'Natan',0,'2024-10-02 00:19:54','2024-10-02 00:19:54',1),(76,'Hercules',0,'2024-12-16 16:30:00','2024-12-16 16:30:00',1),(77,'Rafael',0,'2025-01-17 10:51:56','2025-01-17 10:51:56',1),(78,'Rafael Rodrigo',0,'2025-03-19 21:31:03','2025-03-19 21:31:03',1),(79,'Danilo',0,'2025-03-25 11:02:25','2025-03-25 11:02:25',1),(80,'Marcos de Cotinha',0,'2025-03-29 18:19:56','2025-03-29 18:19:56',1),(81,'Crispin',0,'2025-03-31 00:53:29','2025-03-31 00:53:29',1),(82,'Wesley',0,'2025-04-17 11:57:23','2025-04-17 11:57:23',1);
/*!40000 ALTER TABLE `jogadores` ENABLE KEYS */;
UNLOCK TABLES;

--
-- Table structure for table `temporadas`
--

DROP TABLE IF EXISTS `temporadas`;
/*!40101 SET @saved_cs_client     = @@character_set_client */;
/*!50503 SET character_set_client = utf8mb4 */;
CREATE TABLE `temporadas` (
  `id` int NOT NULL AUTO_INCREMENT,
  `nome` varchar(100) DEFAULT NULL,
  `created_at` datetime DEFAULT NULL,
  `updated_at` datetime DEFAULT NULL,
  PRIMARY KEY (`id`)
) ENGINE=InnoDB AUTO_INCREMENT=4 DEFAULT CHARSET=utf8mb4 COLLATE=utf8mb4_0900_ai_ci;
/*!40101 SET character_set_client = @saved_cs_client */;

--
-- Dumping data for table `temporadas`
--

LOCK TABLES `temporadas` WRITE;
/*!40000 ALTER TABLE `temporadas` DISABLE KEYS */;
INSERT INTO `temporadas` VALUES (1,'2022/2023',NULL,NULL),(2,'2023/2024',NULL,NULL),(3,'2024/2025',NULL,NULL);
/*!40000 ALTER TABLE `temporadas` ENABLE KEYS */;
UNLOCK TABLES;

--
-- Table structure for table `tipo_movimentacao`
--

DROP TABLE IF EXISTS `tipo_movimentacao`;
/*!40101 SET @saved_cs_client     = @@character_set_client */;
/*!50503 SET character_set_client = utf8mb4 */;
CREATE TABLE `tipo_movimentacao` (
  `id` int NOT NULL AUTO_INCREMENT,
  `nome` varchar(100) DEFAULT NULL,
  PRIMARY KEY (`id`)
) ENGINE=InnoDB AUTO_INCREMENT=3 DEFAULT CHARSET=utf8mb4 COLLATE=utf8mb4_0900_ai_ci;
/*!40101 SET character_set_client = @saved_cs_client */;

--
-- Dumping data for table `tipo_movimentacao`
--

LOCK TABLES `tipo_movimentacao` WRITE;
/*!40000 ALTER TABLE `tipo_movimentacao` DISABLE KEYS */;
INSERT INTO `tipo_movimentacao` VALUES (1,'Entrada'),(2,'Saída');
/*!40000 ALTER TABLE `tipo_movimentacao` ENABLE KEYS */;
UNLOCK TABLES;

--
-- Table structure for table `users`
--

DROP TABLE IF EXISTS `users`;
/*!40101 SET @saved_cs_client     = @@character_set_client */;
/*!50503 SET character_set_client = utf8mb4 */;
CREATE TABLE `users` (
  `id` int NOT NULL AUTO_INCREMENT,
  `nome` varchar(100) DEFAULT NULL,
  `email` varchar(100) DEFAULT NULL,
  `password` varchar(255) DEFAULT NULL,
  PRIMARY KEY (`id`)
) ENGINE=InnoDB AUTO_INCREMENT=3 DEFAULT CHARSET=utf8mb4 COLLATE=utf8mb4_0900_ai_ci;
/*!40101 SET character_set_client = @saved_cs_client */;

--
-- Dumping data for table `users`
--

LOCK TABLES `users` WRITE;
/*!40000 ALTER TABLE `users` DISABLE KEYS */;
INSERT INTO `users` VALUES (1,'Anselmo','anselmoduarte6@hotmail.com','$2y$10$.4Ls6Y7k8u2Iw4vhHhqcHul9GB7KUQpj9.bPR9R2tHaCMak7MH1Be'),(2,'Maria','maria@gmail.com','$2y$10$E2rkKcZ3gFHmlTlxpoi.3u/gbwcAFvN9u6s4DJlNfAHUhsjDStsDy');
/*!40000 ALTER TABLE `users` ENABLE KEYS */;
UNLOCK TABLES;

--
-- Dumping routines for database 'projeto'
--
/*!40103 SET TIME_ZONE=@OLD_TIME_ZONE */;

/*!40101 SET SQL_MODE=@OLD_SQL_MODE */;
/*!40014 SET FOREIGN_KEY_CHECKS=@OLD_FOREIGN_KEY_CHECKS */;
/*!40014 SET UNIQUE_CHECKS=@OLD_UNIQUE_CHECKS */;
/*!40101 SET CHARACTER_SET_CLIENT=@OLD_CHARACTER_SET_CLIENT */;
/*!40101 SET CHARACTER_SET_RESULTS=@OLD_CHARACTER_SET_RESULTS */;
/*!40101 SET COLLATION_CONNECTION=@OLD_COLLATION_CONNECTION */;
/*!40111 SET SQL_NOTES=@OLD_SQL_NOTES */;

-- Dump completed on 2025-04-23 16:33:35
